&quot;25&quot;;&quot;6&quot;;&quot;HOMICÍDIO&quot;;&quot;2&quot;;&quot;Sobradinho&quot;;&quot;Dois jovens foram assassinados por volta das 16h30 deste sábado (18) na Rua Deraldo Alves Costa, próximo da feirinha do bairro sobradinho, em Feira de Santana.

As vítimas foram Daniel Santos de Souza, 19 anos, e Felipe dos Santos Almeida, de 15, atingidos por disparos de pistola calibre 380.


 Daniel dos Santos de Souza

Felipe dos Santos Almeida

Segundo informações, os jovens trafegavam em uma moto Shineray e estavam sendo seguidos por quatro homens que ocupavam um carro de dados ignorados. Baleados, eles caíram em um local onde há entulho e morreram na hora. Um deles morreu na porta de casa.

O crime será investigado pela Delegacia de Homicídios (DH). Os levantamentos cadavéricos foram presididos pela delegada Maria Clécia Vasconcelos.
&quot;;&quot;2015-04-18&quot;;&quot;16:44:00&quot;;&quot;Rua Deraldo Alves Costa&quot;;;;;&quot;-12.240694&quot;;&quot;-38.969863799999985&quot;;
&quot;28&quot;;&quot;10&quot;;&quot;HOMICÍDIO&quot;;&quot;2&quot;;&quot;Campo do Gado Novo&quot;;&quot;Segundo informações do Departamento de Polícia Técnica (DPT), para onde o corpo foi levado, Genário Borges de Freitas Filho, 37 anos, dirigia um veículo Ford K quando foi baleado no ombro esquerdo e não resistiu. O fato aconteceu por volta das 23h, na BA-O52, distrito de Bonfim de Feira.&quot;;&quot;2015-04-20&quot;;&quot;23:00:00&quot;;&quot;Ba 052&quot;;;;;&quot;-12.245833988693883&quot;;&quot;-39.08244095197756&quot;;
&quot;29&quot;;&quot;10&quot;;&quot;HOMICÍDIO&quot;;&quot;2&quot;;&quot;Campo Limpo&quot;;&quot;Por volta das 18h, Fernando Virgens de Jesus, 24 anos, foi assassinado com tiros na nuca, tórax, braço esquerdo e rosto. Ele morava na Rua Bacaxá, no bairro do Campo limpo, e foi morto próximo à casa dele. Não há até o momento outras informações sobre o crime.

Os três levantamentos cadavéricos foram efetuados pela delegada Joselita de Pauta Pinto e os corpos foram encaminhados para o DPT.&quot;;&quot;2015-04-20&quot;;&quot;18:00:00&quot;;&quot;Rua Bacaxá&quot;;;;;&quot;-12.2197051&quot;;&quot;-38.966644599999995&quot;;
&quot;30&quot;;&quot;10&quot;;&quot;HOMICÍDIO&quot;;&quot;2&quot;;&quot;Sobradinho&quot;;&quot;Dois jovens foram assassinados por volta das 16h30 deste sábado (18) na Rua Deraldo Alves Costa, próximo da feirinha do bairro sobradinho, em Feira de Santana.

As vítimas foram Daniel Santos de Souza, 19 anos, e Felipe dos Santos Almeida, de 15, atingidos por disparos de pistola calibre 380.


 Daniel dos Santos de Souza

Felipe dos Santos Almeida

Segundo informações, os jovens trafegavam em uma moto Shineray e estavam sendo seguidos por quatro homens que ocupavam um carro de dados ignorados. Baleados, eles caíram em um local onde há entulho e morreram na hora. Um deles morreu na porta de casa.

O crime será investigado pela Delegacia de Homicídios (DH). Os levantamentos cadavéricos foram presididos pela delegada Maria Clécia Vasconcelos.
&quot;;&quot;2015-04-19&quot;;&quot;16:30:00&quot;;&quot;Rua Deraldo Alves Costa&quot;;;;;&quot;-12.240694&quot;;&quot;-38.969863799999985&quot;;
&quot;31&quot;;&quot;10&quot;;&quot;HOMICÍDIO&quot;;&quot;2&quot;;&quot;Campo Limpo&quot;;&quot;Por volta das 07h40min, na Rua Nova Iguaçu, em frente ao nº 307, Campo Limpo, foi alvejado por disparo de arma de fogo o jovem Wesley Fernando Lima Pereira, 22 anos, que residia no Conj. George Américo. A vítima foi alvejada por disparos na cabeça, costas e abdômen, indo a óbito no local. Efetuou o levantamento cadavérico o Delegado João Uzzum, Peritos Marcos Fiuza e Antonio Nilton.
&quot;;&quot;2015-04-02&quot;;&quot;07:40:00&quot;;&quot;Rua Nova Iguaçu, em frente ao nº 307&quot;;;;;&quot;-12.2241298&quot;;&quot;-38.96606220000001&quot;;
&quot;32&quot;;&quot;10&quot;;&quot;HOMICÍDIO&quot;;&quot;2&quot;;&quot;Jardim Cruzeiro&quot;;&quot;Por volta das 07h405min, na Rua Caetité, em frente ao Bar de China, Jardim Cruzeiro o jovem Ronaldo Dias Reis, 25 anos, que residia na Rua Senhor do Bonfim, nº 28, Jardim Cruzeiro foi alvejado por disparos de arma de fogo quando estava conduzindo o seu veículo um Fiat Palio, cor cinza, placa JSM 2278. A vítima foi encurralada por indivíduos que estavam em outro veículo de dados ignorados e foi atingida por disparos de uma arma calibre 9mm. Efetuou o levantamento cadavérico a Delegada Ludmilla Vilas Boas, Perito Criminal Pedro Silveira e Perito Técnico Francisco Ruy.
&quot;;&quot;2015-04-07&quot;;&quot;07:45:00&quot;;&quot;Rua Caetité&quot;;;;;&quot;-12.2436849&quot;;&quot;-38.9806317&quot;;
&quot;33&quot;;&quot;10&quot;;&quot;HOMICÍDIO&quot;;&quot;2&quot;;&quot;Três Riachos&quot;;&quot;10/03/2015 - TERÇA-FEIRA
TRÊS RIACHOS
Por volta das 09h40min, na localidade do Três Riachos foi alvejado por disparo de arma de fogo Eliezer Paixão de Jesus, vulgo "MARABÁ", que residia na mesma localidade. De acordo populares que ligaram para o CICOM a motivação do crime foi disputa entre traficantes do Três Riachos e da favela da Portelinha (área da 67ª CIPM/Pedra do Descanso). Inicialmente a vítima ainda foi socorrida por uma ambulância do SAMU, porém devido a gravidade dos ferimentos foi a óbito naquele local. Efetuou o levantamento cadavérico a Delegada Dórean dos Reis, Perito Criminal Grécio e Perito Técnico Antonioni.
&quot;;&quot;2015-04-10&quot;;&quot;09:40:00&quot;;&quot;Três Riachos&quot;;;;;&quot;-12.270750282161536&quot;;&quot;-38.99371190756227&quot;;
&quot;34&quot;;&quot;10&quot;;&quot;HOMICÍDIO&quot;;&quot;2&quot;;&quot;Baraúnas&quot;;&quot;Por volta das 04h30min, na Rua Marquês de Abrantes, em frente ao nº 193, Baraúnas foi alvejado por disparo de arma de fogo o jovem Wadson da Conceição Alencar, 24 anos. A vítima foi alvejada por diversos disparos de pistola calibre .380 indo a óbito no local. Efetuou o levantamento cadavérico a Delegada Erundina, Perita Criminal Flávia e Agente Telmo.
&quot;;&quot;2015-03-12&quot;;&quot;04:30:00&quot;;&quot;Rua Marquês de Abrantes&quot;;;;;&quot;-12.2445342&quot;;&quot;-38.96711540000001&quot;;
&quot;35&quot;;&quot;10&quot;;&quot;HOMICÍDIO&quot;;&quot;2&quot;;&quot;Rua Nova&quot;;&quot;Por volta das 22h30min, na Rua Tomé de Souza,  próximo a panificadora Arco Iris, foi alvejado por disparo de arma de fogo após tentativa de assalto o senhor Antenor Pinto da Silva, 63 anos. A vítima não resistiu os ferimentos vindo a óbito no local.
&quot;;&quot;2015-03-13&quot;;&quot;22:30:00&quot;;&quot;Rua Tomé de Souza&quot;;;;;&quot;-12.254859320382302&quot;;&quot;-38.977678226428225&quot;;
&quot;36&quot;;&quot;10&quot;;&quot;HOMICÍDIO&quot;;&quot;2&quot;;&quot;Novo Horizonte&quot;;&quot;Por volta das 16h40 no bairro Novo Horizonte, nas proximidades do CT do fluminense, foi vitima de disparo de arma de fogo Kesse Jhones Lima dos Santos, vulgo Kessinho de 21 anos indo a óbito no local, a motivação e autoria são desconhecida, o mesmo é bastante conhecido no meio policial. Estiveram presentes no local a delegada Ludmila Villas Boas, a escrivã Vera, o agente, os peritos Marcos Fiúza e Antonio Nilton.
&quot;;&quot;2015-03-14&quot;;&quot;16:40:00&quot;;&quot;Novo Horizonte, nas proximidades do CT do fluminen&quot;;;;;&quot;-12.1829792&quot;;&quot;-38.96520929999997&quot;;
&quot;37&quot;;&quot;10&quot;;&quot;HOMICÍDIO&quot;;&quot;2&quot;;&quot;Feira IX&quot;;&quot;Por volta das 21h00min, na rua A, conjunto feira IX, próximo a igreja católica, segundo testemunhas, chagaram quatro homens em duas motos de placa não anotadas e efetuaram vários disparos de armas de fogo .40 e 9mm contra Weliton Cerqueira de Almeida, de aproximadamente 27 anos que não resistiu aos ferimentos, vindo a óbito no local. O mesmo residia na avenida Tomé de Souza nº 580 bairro Calumbi Feira de Santana.
&quot;;&quot;2015-03-16&quot;;&quot;21:00:00&quot;;&quot;rua A, conjunto feira IX&quot;;;;;&quot;-12.254237930222374&quot;;&quot;-38.98707827244414&quot;;
&quot;38&quot;;&quot;10&quot;;&quot;HOMICÍDIO&quot;;&quot;2&quot;;&quot;George Américo&quot;;&quot;Por volta das 02h30min, na Rua B Vasp, Bairro George Américo, foi assassinado o adolescente Paulo Ricardo Silva Batista, 16 anos, conhecido como (Batata) o mesmo foi alvejado com cerca de 06 (seis) tiros em varias partes do corpo, residia no conjunto George Américo, rua E1, nº 65.  A vítima tinha se envolvido em uma briga em um bar do bairro, e no deslocamento para sua residência foi abordado por três elementos em um veículo de cor preta, dados ignorados, que estavam na confusão, sendo que um deles tem o vulgo de (TOPERA) morador do bairro Gabriela.
&quot;;&quot;2015-03-22&quot;;&quot;02:30:00&quot;;&quot;Rua B Vasp, Bairro George Américo&quot;;;;;&quot;-12.219897855935587&quot;;&quot;-38.97998062023771&quot;;
&quot;39&quot;;&quot;10&quot;;&quot;HOMICÍDIO&quot;;&quot;2&quot;;&quot;Asa Branca&quot;;&quot;29/03/2015-DOMINGO
DISTRITO DE MARIA QUITÉRIA

HOMICÍDIO/CORPO ENCONTRADO: Por volta das 06h40 na fazenda Caldeirão, distrito de Maria Quitéria foi localizado um corpo do sexo masculino até o momento sem identificação, com as mãos amarradas de arame. Foi deslocado para o local a equipe do plantão regional sob o comando do delegado Laércio, escrivão José Paulo, investigadores Ademir e Clailton, os peritos Marcos Fiúza e Antonio Nilton onde foram efetuados os procedimentos de praxe e o levantamento cadavérico onde ficou constatado que a morte foi por estrangulamento (com uso de arame), o corpo foi removido ao DPT através da guia de IML Nº 227/2015 e guia pericial Nº 131/2015.   &quot;;&quot;2015-03-29&quot;;&quot;06:40:00&quot;;&quot; fazenda Caldeirão, distrito de Maria Quitéria &quot;;;;;&quot;-12.162048573343466&quot;;&quot;-38.981579342883265&quot;;
&quot;40&quot;;&quot;10&quot;;&quot;HOMICÍDIO&quot;;&quot;2&quot;;&quot;Campo Limpo&quot;;&quot;29/03/2015-DOMINGO
CAMPO LIMPO

1.	HOMICÍDIO: Por volta das 16h48 nas proximidades do Senai, bairro Campo Limpo foi vitima de disparo de arma de fogo João Victor Pereira da Silva de 17 anos indo a óbito no local. Foi deslocado para o local a equipe do plantão regional sob o comando do delegado Laércio, escrivão José Paulo, investigadores Ademir e Clailton, os peritos Marcos Fiúza e Antonio Nilton onde foram efetuados o levantamento cadavérico, o corpo foi removido ao DPT através da guia de IML Nº 229/2015 e guia pericial Nº 133/2015.
&quot;;&quot;2015-03-29&quot;;&quot;16:48:00&quot;;&quot;Prox. Sena&quot;;;;;&quot;-12.230856256935693&quot;;&quot;-38.96773833380723&quot;;
&quot;62&quot;;&quot;0&quot;;&quot;PORTE ILEGAL ARMA DE FOGO&quot;;&quot;3&quot;;;;&quot;0000-00-00&quot;;&quot;00:00:00&quot;;;;;;&quot;-12.2078464635789&quot;;&quot;-38.991426806416371&quot;;
&quot;63&quot;;&quot;0&quot;;&quot;PORTE ILEGAL ARMA DE FOGO&quot;;&quot;3&quot;;;;&quot;0000-00-00&quot;;&quot;00:00:00&quot;;;;;;&quot;-12.26381900973044&quot;;&quot;-39.197556986798077&quot;;
&quot;65&quot;;&quot;0&quot;;&quot;PORTE ILEGAL ARMA DE FOGO&quot;;&quot;3&quot;;;;&quot;0000-00-00&quot;;&quot;00:00:00&quot;;;;;;&quot;-12.26336212572175&quot;;&quot;-39.205604546603382&quot;;
&quot;67&quot;;&quot;0&quot;;&quot;PORTE ILEGAL ARMA DE FOGO&quot;;&quot;3&quot;;;;&quot;0000-00-00&quot;;&quot;00:00:00&quot;;;;;;&quot;-12.20519388591034&quot;;&quot;-38.970718522650621&quot;;
&quot;68&quot;;&quot;0&quot;;&quot;PORTE ILEGAL ARMA DE FOGO&quot;;&quot;3&quot;;;;&quot;0000-00-00&quot;;&quot;00:00:00&quot;;;;;;&quot;-12.19936213933785&quot;;&quot;-38.976132620539673&quot;;
&quot;69&quot;;&quot;0&quot;;&quot;PORTE ILEGAL ARMA DE FOGO&quot;;&quot;3&quot;;;;&quot;0000-00-00&quot;;&quot;00:00:00&quot;;;;;;&quot;-12.26025393014636&quot;;&quot;-38.974761806462553&quot;;
&quot;70&quot;;&quot;0&quot;;&quot;PORTE ILEGAL ARMA DE FOGO&quot;;&quot;3&quot;;;;&quot;0000-00-00&quot;;&quot;00:00:00&quot;;;;;;&quot;-12.25725942330382&quot;;&quot;-38.98565675354395&quot;;
&quot;71&quot;;&quot;0&quot;;&quot;PORTE ILEGAL ARMA DE FOGO&quot;;&quot;3&quot;;;;&quot;0000-00-00&quot;;&quot;00:00:00&quot;;;;;;&quot;-12.257659905667261&quot;;&quot;-38.985550617453796&quot;;
&quot;72&quot;;&quot;0&quot;;&quot;PORTE ILEGAL ARMA DE FOGO&quot;;&quot;3&quot;;;;&quot;0000-00-00&quot;;&quot;00:00:00&quot;;;;;;&quot;-12.23268669750356&quot;;&quot;-38.985751866589837&quot;;
&quot;73&quot;;&quot;0&quot;;&quot;PORTE ILEGAL ARMA DE FOGO&quot;;&quot;3&quot;;;;&quot;0000-00-00&quot;;&quot;00:00:00&quot;;;;;;&quot;-12.23404107340531&quot;;&quot;-38.985093305817188&quot;;
&quot;74&quot;;&quot;0&quot;;&quot;PORTE ILEGAL ARMA DE FOGO&quot;;&quot;3&quot;;;;&quot;0000-00-00&quot;;&quot;00:00:00&quot;;;;;;&quot;-12.22852872424817&quot;;&quot;-39.054145079634822&quot;;
&quot;75&quot;;&quot;0&quot;;&quot;PORTE ILEGAL ARMA DE FOGO&quot;;&quot;3&quot;;;;&quot;0000-00-00&quot;;&quot;00:00:00&quot;;;;;;&quot;-12.241799182673629&quot;;&quot;-39.067278554637873&quot;;
&quot;76&quot;;&quot;0&quot;;&quot;PORTE ILEGAL ARMA DE FOGO&quot;;&quot;3&quot;;;;&quot;0000-00-00&quot;;&quot;00:00:00&quot;;;;;;&quot;-12.219867583714469&quot;;&quot;-38.973446153234072&quot;;
&quot;77&quot;;&quot;0&quot;;&quot;PORTE ILEGAL ARMA DE FOGO&quot;;&quot;3&quot;;;;&quot;0000-00-00&quot;;&quot;00:00:00&quot;;;;;;&quot;-12.21968438592681&quot;;&quot;-38.973902419193273&quot;;
&quot;78&quot;;&quot;0&quot;;&quot;PORTE ILEGAL ARMA DE FOGO&quot;;&quot;3&quot;;;;&quot;0000-00-00&quot;;&quot;00:00:00&quot;;;;;;&quot;-12.21968720442338&quot;;&quot;-38.974311540015087&quot;;
&quot;79&quot;;&quot;0&quot;;&quot;PORTE ILEGAL ARMA DE FOGO&quot;;&quot;3&quot;;;;&quot;0000-00-00&quot;;&quot;00:00:00&quot;;;;;;&quot;-12.220009482011189&quot;;&quot;-38.973788247347152&quot;;
&quot;80&quot;;&quot;0&quot;;&quot;PORTE ILEGAL ARMA DE FOGO&quot;;&quot;3&quot;;;;&quot;0000-00-00&quot;;&quot;00:00:00&quot;;;;;;&quot;-12.244743904835261&quot;;&quot;-38.976297258801416&quot;;
&quot;81&quot;;&quot;0&quot;;&quot;PORTE ILEGAL ARMA DE FOGO&quot;;&quot;3&quot;;;;&quot;0000-00-00&quot;;&quot;00:00:00&quot;;;;;;&quot;-12.245361370240721&quot;;&quot;-38.975454233659001&quot;;
&quot;82&quot;;&quot;0&quot;;&quot;PORTE ILEGAL ARMA DE FOGO&quot;;&quot;3&quot;;;;&quot;0000-00-00&quot;;&quot;00:00:00&quot;;;;;;&quot;-12.24478462263732&quot;;&quot;-38.975474950654892&quot;;
&quot;83&quot;;&quot;0&quot;;&quot;PORTE ILEGAL ARMA DE FOGO&quot;;&quot;3&quot;;;;&quot;0000-00-00&quot;;&quot;00:00:00&quot;;;;;;&quot;-12.170865953123849&quot;;&quot;-38.970583883071129&quot;;
&quot;84&quot;;&quot;0&quot;;&quot;PORTE ILEGAL ARMA DE FOGO&quot;;&quot;3&quot;;;;&quot;0000-00-00&quot;;&quot;00:00:00&quot;;;;;;&quot;-12.2221723347807&quot;;&quot;-38.982571555994689&quot;;
&quot;85&quot;;&quot;0&quot;;&quot;PORTE ILEGAL ARMA DE FOGO&quot;;&quot;3&quot;;;;&quot;0000-00-00&quot;;&quot;00:00:00&quot;;;;;;&quot;-12.184224156978219&quot;;&quot;-38.998380271007463&quot;;
&quot;86&quot;;&quot;0&quot;;&quot;PORTE ILEGAL ARMA DE FOGO&quot;;&quot;3&quot;;;;&quot;0000-00-00&quot;;&quot;00:00:00&quot;;;;;;&quot;-12.25175638403854&quot;;&quot;-38.974118108689296&quot;;
&quot;87&quot;;&quot;0&quot;;&quot;PORTE ILEGAL ARMA DE FOGO&quot;;&quot;3&quot;;;;&quot;0000-00-00&quot;;&quot;00:00:00&quot;;;;;;&quot;-12.251604116698189&quot;;&quot;-38.974642454907233&quot;;
&quot;88&quot;;&quot;0&quot;;&quot;PORTE ILEGAL ARMA DE FOGO&quot;;&quot;3&quot;;;;&quot;0000-00-00&quot;;&quot;00:00:00&quot;;;;;;&quot;-12.252406816611771&quot;;&quot;-38.974665172990449&quot;;
&quot;89&quot;;&quot;0&quot;;&quot;PORTE ILEGAL ARMA DE FOGO&quot;;&quot;3&quot;;&quot;Rua Nova&quot;;;&quot;0000-00-00&quot;;&quot;23:30:00&quot;;;;;;&quot;-12.25104959711809&quot;;&quot;-38.974275128962802&quot;;
&quot;90&quot;;&quot;0&quot;;&quot;PORTE ILEGAL ARMA DE FOGO&quot;;&quot;3&quot;;&quot;Sobradinho&quot;;;&quot;2014-05-15&quot;;&quot;19:30:00&quot;;;;;;&quot;-12.239364473297041&quot;;&quot;-38.971208300509062&quot;;
&quot;91&quot;;&quot;12&quot;;&quot;APREENSÃO DE ARMA DE FOGO&quot;;&quot;3&quot;;&quot;George Américo&quot;;&quot;BAIRRO: Campo Limpo 
DATA: 07/01/2015
HORÁRIO: 21h40
Guarnição: BCS- Gerorge Américo
ARMA APREENDIDA: REVÓLVER CALIBRE 32, MARCA INA, NUMERAÇÃO RASPADA
     &quot;;&quot;2015-01-07&quot;;&quot;21:40:00&quot;;&quot;Campo limpo&quot;;;;;&quot;-12.22710879306534&quot;;&quot;-38.97592175617256&quot;;
&quot;96&quot;;&quot;0&quot;;&quot;HOMICÍDIO&quot;;&quot;2&quot;;&quot;Sobradinho&quot;;&quot;FOI ALVEJADO POR O6 DISPARO DE ARMA DE FOGO CAL. .40 SENDO UM NA GARGANTA, UM NO OMBRO, DOIS ABDOMEM E DOIS NA COSTA LEVANTAMENTO CADAVERICO DELG: DR CARLOS LINS , IPE WEDSON, IPC MUNDURUCU E PAULO; PERITO TEC. ANTONIEL E PERITO CRIM. ARISTEU RAMOS E UMA EQUIIPE DO SAMU USB TECNICA PATRICIA E SANDRA
.&quot;;&quot;2015-06-11&quot;;&quot;15:40:00&quot;;&quot;RUA POJUCA 231&quot;;;;;&quot;-12.2402155&quot;;&quot;-38.97110680000003&quot;;
&quot;97&quot;;&quot;0&quot;;&quot;APREENSÃO DE ARMA DE FOGO&quot;;&quot;0&quot;;&quot;Campo Limpo&quot;;&quot;A REFERIDA ARMA FOI ENCONTRADA POR POPULARES QUE INFORMARAM AO CICOM ATRAVÉS DO 190. FOI APRESENTADA NA 2ª CP (COMPLEXO DO SOBRADINHO), AO AGENTE JAREDI, DELEGADA LUDIMILA VILLAS BOAS, OCORRÊNCIA Nº 5328/15.&quot;;&quot;2015-05-06&quot;;&quot;14:00:00&quot;;&quot;RUA GONÇALVES DIAS&quot;;;;;&quot;-12.229661&quot;;&quot;-38.96570869999999&quot;;
&quot;98&quot;;&quot;0&quot;;&quot;APREENSÃO DE ARMA DE FOGO&quot;;&quot;3&quot;;&quot;Sitio Novo&quot;;&quot;Classificação:	Autor - Sem Lesões
Nome:	NDERSON DOS SANTOS LOPES, 20 ANOS
Endereço:	RUA ROSA DOURADA Nº 50
Bairro:	SITIO NOVO
Telefone:	
Município:	FEIRA DE SANTANA
Estado:	BAHIA
Observações:	APRESENTADO NO COMPLEXO DO SOBRADINHO; 2ª CP, AGENTE CAZUMBA; OCORRÊNCIA DE Nº 5212 E DELEGADA JOSELITA DE PAULA.- AUTUADO EM FLAGRANTE.
.&quot;;&quot;2015-05-04&quot;;&quot;13:00:00&quot;;&quot;RUA ROSA DOURADA EM FRENTE Nº 50&quot;;;;;&quot;-12.220219907244601&quot;;&quot;-38.98268524458007&quot;;
&quot;99&quot;;&quot;0&quot;;&quot;APREENSÃO DE ARMA DE FOGO&quot;;&quot;3&quot;;&quot;Morada das Arvores&quot;;&quot;POR VOLTA DAS 13:00 H, O SGT CÍCERO NO COMANDO DO G 65, LOCALIZOU UM ELEMENTO PORTANDO UMA PISTOLA 765. SD ESTELITA
Bairro	CAMPO LIMPO
Endereço	65ª CIPM/ CAMPO LIMPO&quot;;&quot;2015-06-13&quot;;&quot;13:00:00&quot;;&quot;Morada das Arvores&quot;;;;;&quot;-12.2289074&quot;;&quot;-38.97353390000001&quot;;
&quot;100&quot;;&quot;0&quot;;&quot;HOMICÍDIO&quot;;&quot;2&quot;;&quot;Sobradinho&quot;;&quot;INFORMA QUE DOIS ELEMENTOS EM UMA MOTO (ESCURA) ATIRARAM EM UM HOMEM . INFORMA QUE JA ENTROU EM CONTATO COM O SAMU , SEM MAIS INFORMACOES . ATD ARYELA RECHAMADA : SGT TABAJARA ,(15:39) INFORMA QUE O CARONA ESTÁ DE JAQUETA VERDE , INFORMA QUE FORAM SENTIDO QUEIMADINHA . ATD ARYELA RECHAMADA: 9182-8721- 15:58 - SAMU ENCONTRA-SE NO LOCAL. ATD ADRIANA
A VÍTIMA FOI ATINGIDA POR TRÊS DISPAROS DE ARMA DE FOGO QUE ATINGIU A REGIÃO DO BRAÇO E COSTAS. IPC ELIALDO
.&quot;;&quot;2015-06-06&quot;;&quot;15:39:00&quot;;&quot;Feirinha do Sobradinho&quot;;;;;&quot;-12.2393376&quot;;&quot;-38.97398069999997&quot;;
&quot;101&quot;;&quot;0&quot;;&quot;HOMICÍDIO&quot;;&quot;2&quot;;&quot;Gabriela&quot;;&quot;DESLOCADO AO LOCAL EQUIPE DO PLANTAO REGIONAL COM A DPC HERUNDINA, EPC MARCOS, IPC UBIRACI, IPC VERA E IPC JEAN, JUNTAMENTE COM O PERITO CRIMINAL ERICO MAURICIO E PERITO TECNICO DOMINGOS, ONDE EFETURAM OS PROCEDIMENTOS DE PRAXE E LEVANTAMENTO CADAVERICO DA VITIMA IDENTIFICADA COMO ANTONIEL SANTOS CERQUEIRA DE 17 ANOS DE IDADE, QUE FOI ALVEJADO COM 10 DISPAROS DE ARMA DE FOGO E TEVE O CORPO REMOVIDO AOP DPT CONFORME GUIA DE IML Nº 439/15 E GUIA PERICIAL Nº 230/15. Op. IPC Jurenir Cordeiro&quot;;&quot;2015-06-05&quot;;&quot;18:00:00&quot;;&quot;RUA G, BLOCO 22 D, COND. SOLAR DA PRINCESA&quot;;&quot;CICOM&quot;;&quot;Não Informado&quot;;&quot;Não Informado&quot;;&quot;-12.2597272&quot;;&quot;-38.96466079999999&quot;;
&quot;105&quot;;&quot;14&quot;;&quot;HOMICÍDIO&quot;;&quot;2&quot;;&quot;Jardim Cruzeiro&quot;;&quot;INFORMA QUE OUVIU CERCA DE TRÊS DISPAROS, EM SEGUIDA OBSERVOU QUE SEU PRIMO FOI ALVEJADO NO INTERIOR DA RESIDÊNCIA, SEGUNDO O SOLICITANTE, O CRIME FOI PRATICADO POR DOIS HOMENS, UM DELES ESTATURA FORTE, TRAJANDO CAISA DE COR ESCURA, E OUTRO TRAJANDO ROUPAS BRANCA USANDO UMA MOCHILA PRETA NAS COSTAS, O SENTIDO NÃO FOI INFORMADO, A VITÍMA APARENTA ESTÁ SEM VIDA. ATD TANÚBIO&quot;;&quot;2016-01-02&quot;;&quot;21:40:00&quot;;&quot;Rua Juazeiro&quot;;&quot;CICOM&quot;;&quot;Presente&quot;;&quot;asfaltica&quot;;&quot;-12.247659299221935&quot;;&quot;-38.98298395399786&quot;;
&quot;106&quot;;&quot;14&quot;;&quot;HOMICÍDIO&quot;;&quot;2&quot;;&quot;Maria Quitéria&quot;;&quot;NFORMA QUE OUVIU CERCA DE TRÊS DISPAROS, EM SEGUIDA OBSERVOU QUE SEU PRIMO FOI ALVEJADO NO INTERIOR DA RESIDÊNCIA, SEGUNDO O SOLICITANTE, O CRIME FOI PRATICADO POR DOIS HOMENS, UM DELES ESTATURA FORTE, TRAJANDO CAISA DE COR ESCURA, E OUTRO TRAJANDO ROUPAS BRANCA USANDO UMA MOCHILA PRETA NAS COSTAS, O SENTIDO NÃO FOI INFORMADO, A VITÍMA APARENTA ESTÁ SEM VIDA.&quot;;&quot;2016-01-02&quot;;&quot;17:40:00&quot;;&quot;Fazenda Olhos da Formiga&quot;;&quot;CICOM&quot;;&quot;Prejudicada&quot;;&quot;Ausente&quot;;&quot;-12.096879216755525&quot;;&quot;-38.987873491259734&quot;;
&quot;107&quot;;&quot;15&quot;;&quot;HOMICÍDIO&quot;;&quot;2&quot;;&quot;Campo do Gado Novo&quot;;&quot;NFORMA QUE TEM BALEADO NO REF: END: ESTA NO SOLO APARENTEMENTE MORTO O MESMO FUCIONARIO DO ABATEDOURO CAMPO GADO.
Nome:	DILTON SANTOS DA SILVA, 47 ANOS
Endereço:	RUA TAPIBA. 42
Bairro:	CARAIBAS
Município:	FEIRA DE SANTANA
Estado:	BAHIA
Observações:	VÍTIMA ALVEJADA POR DOIS DISPAROS DE ARMA DE FOGO QUE ATINGIU A CABEÇA
.
&quot;;&quot;2016-01-12&quot;;&quot;21:30:00&quot;;&quot;HERACLITO DIAS DE CARVALHO&quot;;&quot;CICOM&quot;;;;&quot;-12.2237343&quot;;&quot;-39.00924169999996&quot;;
&quot;108&quot;;&quot;14&quot;;&quot;TENTATIVA HOMICÍDIO&quot;;&quot;0&quot;;&quot;Nova Esperança&quot;;&quot;Tipo	TENTATIVA DE HOMICÍDIO
Descrição	O SGT PM CORREIA - PREPOSTO DO HGCA, INFORMOU QUE DEU ENTRADA, ÀS 20:25H, UM HOMEM VÍTIMA DE DISPARO DE ARMA DE FOGO. SEGUNDO A VÍTIMA, UM HOMEM DE PRÉ NOME "CAIK", FOI O AUTOR DO DISPARO. OP. SD PM GERACINA.
Bairro	NOVA ESPERANÇA
Endereço	65ª CIPM - NOVA ESPERANÇA
Referência	PRÓXIMO AO CONJUNTO CALUMBI
Município	FEIRA DE SANTANA
Classificação:	Vítima - Com Lesões Graves
Nome:	MANOEL MESSIAS BRANDÃO DE SOUZA
Endereço:	RUA FARIAS DE BRITO, 199
Bairro:	NOVA ESPERANCA
Telefone:	
Município:	FEIRA DE SANTANA
Estado:	BAHIA
Observações:	33 ANOS DE IDADE RG 1118379608 O TIRO ATINGIU O ROSTO DA VÍTIMA&quot;;&quot;2016-01-02&quot;;&quot;20:00:00&quot;;&quot;RUA FARIAS DE BRITO, 199&quot;;&quot;CICOM&quot;;&quot;Presente&quot;;&quot;Prejudicada&quot;;&quot;-12.250260600000011&quot;;&quot;-38.98949685026241&quot;;
&quot;109&quot;;&quot;18&quot;;&quot;TENTATIVA HOMICÍDIO&quot;;&quot;0&quot;;&quot;Jardim Cruzeiro&quot;;&quot;Tipo	TENTATIVA DE HOMICÍDIO
Descrição	INFORMA QUE NO ENDEREÇO ABAIXO UM ELEMENTO ACABOU DE RECEBER VÁRIOS DISPAROS DE ARMA DE FOGO ESTÁ CAIDO EM VIA PÚBLICA AO SOLO . ATD VANESSA
Bairro	JARDIM CRUZEIRO
Endereço	65ªCIPM-JARDIM CRUZEIRO / 2ªTRAVESSA BARROLANDIA
Referência	PRÓXIMO A PISTA / PRÓX. POUSADA LUA DE CRISTAL
Classificação:	Vítima - Com Lesões Graves
Nome:	MARCELO SENA DA SILVA, 22 ANOS
Endereço:	2ª TRAV.BARROLANDIA Nº31
Bairro:	JARDIM CRUZEIRO
Telefone:	
Município:	FEIRA DE SANTANA
Estado:	BAHIA
Observações:	ALVEJADO POR 3 DISPAROS DE ARMA DE FOGO ( 02 NAS COSTAS E 01 NA CABEÇA ). SOCORRIDO PELA VIATURA DO SAMU.&quot;;&quot;2016-01-07&quot;;&quot;09:40:00&quot;;&quot;2ªTRAVESSA BARROLANDIA&quot;;&quot;CICOM&quot;;&quot;Presente&quot;;&quot;Ausente&quot;;&quot;-12.245915749364032&quot;;&quot;-38.98610320496289&quot;;
&quot;110&quot;;&quot;19&quot;;&quot;TENTATIVA HOMICÍDIO&quot;;&quot;0&quot;;&quot;Maria Quitéria&quot;;&quot;A VÍTIMA FOI LEVADA ATÉ O PPM A BORDO DE UMA MOTO TITAN 160 DE COR PRETA E PLACA PJR 4837 CONDUZIDA POR MARCOS MIRANDA DE ALMEIDA, SALIENTADO QUE A GUARNIÇÃO ESTEVE NA POLICLINICA DO PARQUE IPÊ , ONDE FOI NEGADO OS PRIMEIROS SOCORRO A VÍTIMA, QUE ESTAVA COM UMA PERFURAÇÃO DE FACA NO ABDOMEN.
Classificação:	Autor - Com Lesões Graves
Nome:	IVONILDA SANTOS DE JESUS, 24 ANOS
Endereço:	MOC
Bairro:	DISTRITO DE MARIA QUITÉRIA
Telefone:	
Município:	FEIRA DE SANTANA
Estado:	BAHIA
Observações:	FERIDA NA REGIÃO DO ABDOMEN,RELATOU QUE O ATENTADO TERIA SIDO PERPETRADO PELO EX COMPANHEIRO DE NOME JADILSON.
.
&quot;;&quot;2016-01-19&quot;;&quot;22:45:00&quot;;&quot;Praça Distrito de Maria Quitéria&quot;;&quot;CICOM&quot;;&quot;Presente&quot;;&quot;Não Informado&quot;;&quot;-12.149809528754318&quot;;&quot;-38.988624509783904&quot;;
&quot;111&quot;;&quot;20&quot;;&quot;TRÁFICO DE ENTORPECENTES&quot;;&quot;0&quot;;&quot;Baraúnas&quot;;&quot;POR VOLTA DAS 11HS AS VIATURAS RONDESP 03 CMD TEN PM ALBERTO E A RONDESP 04 CMD CB PM ROQUE EM RONDAS PELO BAIRRO ABORDOU UM INDIVIDUO SUSPEITO E FOI ENCONTRADO UMA CERTA QUANTIA DE DROGAS E UM REVOLVER.

Nome:	ÍTALO THIAGO DE JESUS DOS SANTOS, 17 ANOS
Endereço:	R: GENERAL COSTA E SILVA, Nº 385
Bairro:	BARAUNAS
Telefone:	
Município:	FEIRA DE SANTANA
Estado:	BAHIA
Observações:	FOI APRESENTADO NO COMPLEXO DO SOBRADINHO (DAI), OCORRÊNCIA DE Nº 06/2016, IPC RENATO E FLAGRANTEADO PELO DELEGADO SR. JOSÉ ADRIANO. O CONDUZIDO ESTAVA COM UM REVOLVER CALIBRE 38, NUMERAÇÃO RASPADA, MARCA TAURUS, COM TRÊS (03) CARTUCHOS INTACTOS, DUZENTAS E QUARENTA E NOVE (249) PEDRAS PEQUENAS E EMBALADAS DE CRACK, CINCO (05) PEDRAS GRANDES DE CRACK, MACONHA PRENSSADA, UMA BALANÇA DE PRECISÃO E A QUANTIA DE R$ 8.277,00 ( OITO MIL, DUZENTOS E SETENTA E SETE REAIS) EM ESPÉCIE.&quot;;&quot;2016-01-01&quot;;&quot;11:00:00&quot;;&quot;R: GENERAL COSTA E SILVA&quot;;&quot;CICOM&quot;;&quot;Presente&quot;;&quot;Prejudicada&quot;;&quot;-12.2413225&quot;;&quot;-38.968106000000034&quot;;
&quot;112&quot;;&quot;21&quot;;&quot;TRÁFICO DE ENTORPECENTES&quot;;&quot;0&quot;;&quot;Gabriela&quot;;&quot;APÓS UMA ABORDAGEM O CONDUZIDO FOI ENCONTRADO COM 23 ( VINTE E TRÊS) BUCHAS DE MACONHA E COM UM SIMULACO DE PISTOLA. OC. 0317, DELEGADA- DRA ERODILHA, AGENTE- HUMBERTO, DTE. FLAGRANTE.&quot;;&quot;2016-01-09&quot;;&quot;10:00:00&quot;;&quot;Condominio Solar da Princesa&quot;;&quot;Pm&quot;;&quot;Presente&quot;;&quot;Prejudicada&quot;;&quot;-12.232573388630918&quot;;&quot;-38.99396268360596&quot;;
&quot;113&quot;;&quot;22&quot;;&quot;TRÁFICO DE ENTORPECENTES&quot;;&quot;0&quot;;&quot;Baraúnas&quot;;&quot;Nome:	MURILO SILVA SANTOS, 34 ANOS
Endereço:	RUA MONTE CASTELO, S/N
Bairro:	BARAUNAS
Município:	FEIRA DE SANTANA
Estado:	BAHIA
Observações:	ENCONTRADO COM A QUANTIA DE R$97,00 EM ESPÉCIE, 40 PEDRAS DE CRACK E UM APARELHO CELULAR DE MARCA LG. FLAGRANTEADO. NA DTE, AGENTE ARI DE MATOS, ESCRIVÃ KARINE, DELEGADO LAURINDO TEIXEIRA, OCORRÊNCIA Nº0345/16&quot;;&quot;2016-01-10&quot;;&quot;17:01:00&quot;;&quot;RUA MONTE CASTELO&quot;;&quot;Pm&quot;;&quot;Presente&quot;;&quot;asfaltica&quot;;&quot;-12.2450841&quot;;&quot;-38.968936299999996&quot;;
&quot;114&quot;;&quot;15&quot;;&quot;TRÁFICO DE ENTORPECENTES&quot;;&quot;0&quot;;&quot;Baraúnas&quot;;&quot;POR VOLTA DAS 21:30 A GU DA LOBO 90/CMDT SD PM TIAGO REALIZAVA RONDAS QUANDO VISUALIZOU O INDIVIDUO EM ATITUDE SUSPEITA. APÓS ABORDAGEM FOI VERIFICADO QUE O MESMO ESTAVA COM 37 PEDRAS DE CRACK,CENTO E CINQUENTA E UM REAIS EM ESPECIE E UM RELÓGIO DA MARCA INVICTOS. OP SD PM PALOMA.
Nome:	TIAGO TELES MIRANDA,25 ANOS.
Endereço:	AVENIDA RIACHUELO,730
Bairro:	BARAUNAS
Telefone:	
Município:	FEIRA DE SANTANA
Estado:	BAHIA
Observações:	O CONDUZIDO FOI APRESENTADO NA DTE,OCORRÊNCIA: 0416/2016,DELEGADA: DRª JOSELITA DI PAULA,AGENTE: CLAÚDIO,ESCRIVÃ: SINARA.
.
&quot;;&quot;2016-01-12&quot;;&quot;02:30:00&quot;;&quot;AVENIDA RIACHUELO&quot;;&quot;Pm&quot;;&quot;Presente&quot;;&quot;asfaltica&quot;;&quot;-12.242616455278021&quot;;&quot;-38.967220084655764&quot;;
&quot;115&quot;;&quot;14&quot;;&quot;ROUBO MOTOCICLETA&quot;;&quot;4&quot;;&quot;Sobradinho&quot;;&quot;Tipo	ROUBO A VEÍCULO APREENSÃO
Descrição	VEÍCULO ROUBADO POR DOIS ELEMENTOS AMARMADOS DIA 30/12/2015, AS 18:30H, HONDA FAN 125 PRETA PLACA NYU 7364, JÁ PRESTOU QUEIXA NA DELEGACIA. ATD ADRIANA
Bairro	SOBRADINHO
Endereço	65ªCIPM- SOBRADINHO, RUA PRIMAVERA, 552A
Referência	
Município	FEIRA DE SANTANA
Estado	BAHIA
Operador	Call Center 03
.&quot;;&quot;2016-01-02&quot;;&quot;13:00:00&quot;;&quot;RUA PRIMAVERA, 552A&quot;;&quot;CICOM&quot;;&quot;Presente&quot;;&quot;asfaltica&quot;;&quot;-12.2286518&quot;;&quot;-38.97933640000002&quot;;
&quot;116&quot;;&quot;23&quot;;&quot;ROUBO AUTOMÓVEL&quot;;&quot;0&quot;;&quot;Maria Quitéria&quot;;&quot;
Descrição da Ocorrência

Tipo	ROUBO A VEÍCULO APREENSÃO
Descrição	TRÊS INDIVÍDUOS ARMADOS EM UM VEÍCULO ASTRA DE COR ESCURA, TOMARAM DE ASSALTO UM VEÍCULO GOL HALY BRANCO, PLACA: NZT 8521, E FUGIRAM SENTIDO FEIRA DE SANTANA. ATD: JACI TEL P/ CONTATO:75 98121 6116 ( BELARMINO )
Bairro	
Endereço	65 CIPM BR 116 NORTE, KM 20 ENTROCAMENTO DE TANQUINHO
Referência	POSTO TREVO
Município	FEIRA DE SANTANA / SANTA BARBARA
Estado	BAHIA&quot;;&quot;2016-01-08&quot;;&quot;20:00:00&quot;;&quot;BR 116 NORTE, KM 20&quot;;&quot;CICOM&quot;;&quot;Prejudicada&quot;;&quot;asfaltica&quot;;&quot;-12.068091274780098&quot;;&quot;-38.96972481062011&quot;;
&quot;117&quot;;&quot;21&quot;;&quot;ROUBO MOTOCICLETA&quot;;&quot;4&quot;;&quot;Jardim Cruzeiro&quot;;&quot;A GUARNIÇÃO INFORMOU QUE O SUSPEITO ROUBOU A MOTOCICLETA DO FRENTISTA, UMA HONDA FAN 150, PLACA PJO 4861, PADRONIZADA DE MOTOBOY,&quot;;&quot;2016-01-09&quot;;&quot;23:20:00&quot;;&quot;JARDIM CRUZEIRO-AV.EDUARDO FROES DA MOTA (POSTO AT&quot;;&quot;CICOM&quot;;&quot;Prejudicada&quot;;&quot;Prejudicada&quot;;&quot;-12.238679397777059&quot;;&quot;-38.980990088482656&quot;;
&quot;118&quot;;&quot;14&quot;;&quot;TENTATIVA DE LATROCINIO&quot;;&quot;0&quot;;&quot;George Américo&quot;;&quot;Segundo informações do SGT Correia preposto do HGCA, deu entrada na unidade um individuo vitima de disparo de arma de fogo. Segundo a vitima estava passando. Segundo a vitima estava passando pelo local, quando um individuo anunciou assalto, o mesmo ao tentar fugir recebeu um tiro no tórax.  &quot;;&quot;2016-01-03&quot;;&quot;01:20:00&quot;;&quot;Prox. Policlínica&quot;;&quot;CICOM&quot;;&quot;Presente&quot;;&quot;asfaltica&quot;;&quot;-12.216535886732009&quot;;&quot;-38.9754762400421&quot;;
&quot;119&quot;;&quot;24&quot;;&quot;AUTO RESISTÊNCIA&quot;;&quot;0&quot;;&quot;Novo Horizonte&quot;;&quot;Segundo informações do CB PM Roque, comandante da GU Rondesp 04, após intervenção policial um individuo não identificado veio a obito, Sendo apreendido com o mesmo revolver cal 32.&quot;;&quot;2016-01-03&quot;;&quot;06:40:00&quot;;&quot;Rua 13 de maio&quot;;&quot;CICOM&quot;;&quot;Presente&quot;;&quot;Prejudicada&quot;;&quot;-12.2042033&quot;;&quot;-38.987815599999976&quot;;
&quot;120&quot;;&quot;11&quot;;&quot;TENTATIVA HOMICÍDIO&quot;;&quot;0&quot;;&quot;Gabriela&quot;;;&quot;2016-01-17&quot;;&quot;16:00:00&quot;;&quot;Rua historia de amor&quot;;&quot;CICOM&quot;;&quot;Prejudicada&quot;;&quot;Prejudicada&quot;;&quot;-12.2369272&quot;;&quot;-38.980669199999966&quot;;
&quot;121&quot;;&quot;27&quot;;&quot;TRÁFICO DE ENTORPECENTES&quot;;&quot;0&quot;;&quot;Baraúnas&quot;;&quot;As 9h10min , rua oscar mesquita, Baraúnas, conduziu Marcia Brito de Jesus, 27 anos, a qual estava de posse de 53 pedras de uma substancia aparentando ser CRACK e R$10,00.&quot;;&quot;2016-01-16&quot;;&quot;09:10:00&quot;;&quot;Rua Oscar Mesquita&quot;;&quot;Pm&quot;;&quot;Prejudicada&quot;;&quot;Prejudicada&quot;;&quot;-12.2425509&quot;;&quot;-38.966548699999976&quot;;
&quot;122&quot;;&quot;21&quot;;&quot;TENTATIVA DE LATROCINIO&quot;;&quot;0&quot;;&quot;Jardim Cruzeiro&quot;;&quot;Vítima : Lucas Santos da Silva, 19 anos. Residente na rua Miguel calmon,855, Jardim Cruzeira.
Dois elementos em uma biz vermelha efetuaram 01 disparo atingindo o abdomen da vítica.&quot;;&quot;2016-01-09&quot;;&quot;21:30:00&quot;;&quot;Rua Itambé&quot;;&quot;CICOM&quot;;&quot;Prejudicada&quot;;&quot;asfaltica&quot;;&quot;-12.2471819&quot;;&quot;-38.983535700000004&quot;;
&quot;123&quot;;&quot;26&quot;;&quot;RECUPERAÇÃO DE VEICULOS ROUBADOS E OU FURTADOS&quot;;&quot;0&quot;;&quot;GABRIELA&quot;;&quot;DOIS HOMENS, SENDO QUE UM DELES ESTÁ TRAJANDO CAMISETA ESCURA E BONÉ BRANCO, ACABARAM DE ABANDONAR UMA XRE DE COR ESCURA TODA DESMONTADA. A MOTO ESTÁ EM FRENTE A SUA RESIDÊNCIA, E OS HOMENS QUANDO VIRAM O SOLICITANTE LIGAR A LUZ CORRERAM SENTIDO AO COLÉGIO.
FEITA CONSULTA AO CHASSI DO VEÍCULO VERIFICOU-SE QUE A PLACA É OUH 4805, E QUE CONSTA RESTRIÇÃO DE FURTO/ROUBO&quot;;&quot;2016-01-23&quot;;&quot;01:36:00&quot;;&quot;AV. AMARALINA - N. 1228&quot;;&quot;CICOM&quot;;&quot;Prejudicada&quot;;&quot;Prejudicada&quot;;&quot;-12.22950634545523&quot;;&quot;-38.98022506007999&quot;;
&quot;124&quot;;&quot;31&quot;;&quot;TENTATIVA HOMICÍDIO&quot;;&quot;0&quot;;&quot;Campo Limpo&quot;;&quot;Deu entrada na policlínica do G. Americo, individuo Sandoval Conceição ALVES, 34 anos vitima de arma branca&quot;;&quot;2016-01-24&quot;;&quot;17:40:00&quot;;&quot;Rua mato verde&quot;;&quot;CICOM&quot;;&quot;Presente&quot;;&quot;asfaltica&quot;;&quot;-12.2098884&quot;;&quot;-38.976146700000015&quot;;
&quot;125&quot;;&quot;29&quot;;&quot;HOMICÍDIO&quot;;&quot;0&quot;;&quot;Maria Quitéria&quot;;&quot;SEGUNDO INFORMAÇÕES DA CICOM UM INDIVÍDUO DE NOME CARLOS HENRIQUE FOI VITÍMA DE DOIS DISPAROS DE ARMA DE FOGO SENDO SOCORRIDO POR FAMILIARES, VINDO A OBÍTO NO HGCA. <br> 
LEVANTAMENTO CADAVERICO REALIZADO PELA EQUIPE DO PR/SILC, COMPOSTA PELA DPC DOREAN DOS REIS, EPC MARCPS E IPCs ALEX E JOAN. OP IPC MARCELO LOPES
FOI EXPEDIDA GUIA MEDICO LEGAL 29/2016 E PERICIAL 60/2016.<br> OCORRENCIA DEPOL 29/2016 DH. OP IPC MARCELO LOPES<br>
Nome:	CARLOS HENRIQUE RODRIGUES BARBOSA, 24 ANOS
Endereço:	FAZENDA OVO DA EMA, POVOADO DE CASA NOVA<br>
Observações:	VITIMA ALVEJADA POR DISPAROS DE ARMA DE FOGO, SENDO SOCORRIDO POR FAMILIARES PARA O HGCA, ONDE FOI A ÓBITO.
&quot;;&quot;2016-01-25&quot;;&quot;00:45:00&quot;;&quot;DISTRITO MARIA QUITERIA, ESTRADA DO GARAPA&quot;;&quot;CICOM&quot;;&quot;Ausente&quot;;&quot;Ausente&quot;;&quot;-12.099984224985528&quot;;&quot;-39.003456271191396&quot;;
&quot;126&quot;;&quot;29&quot;;&quot;TENTATIVA HOMICÍDIO&quot;;&quot;0&quot;;&quot;Maria Quitéria&quot;;&quot;


A GUARNIÇAO LOBO 07 EM RONDA PARA UMA VERIFICAÇAO DA OCORRENCIA DE HOMICÍDIO, ENCONTROU UMA VITMA BALEADA, QUE SEGUNDO INFORMAÇÕES OBTIDAS PELA GUARNIÇÃO ESTA RELACIONADA AO HOMICÍDIO, INDICANDO QUE HOUVE UMA POSSÏVEL TROCA DE TIRO ENTRE OS ENVOLVIDOS. <br>
<br>
Nome:	GILDO DA SILVA TRINDADE, 23 ANOS
Endereço:	POVOADO PÉ DE SERRA
Observações:	VITIMA ALVEJADA POR TRES DISPAROS DE ARMA DE FOGO QUE ATINGIRAM A MÃO, PESCOÇO E TORAX. SENDO SOCORRIDO PELO SAMU PARA O HGCA.
.
&quot;;&quot;2016-01-25&quot;;&quot;00:46:00&quot;;&quot;ESTRADA DE SAO JOSE SENTIDO GARAPA, EM FRENTE AO B&quot;;&quot;CICOM&quot;;&quot;Prejudicada&quot;;&quot;Ausente&quot;;&quot;-12.073714781385167&quot;;&quot;-38.988521731396474&quot;;
&quot;127&quot;;&quot;29&quot;;&quot;TENTATIVA HOMICÍDIO&quot;;&quot;4&quot;;&quot;Maria Quitéria&quot;;&quot;Por volta das 21 horas, a Guarnição do distrito de Maria Quitéria (9.6507) foi deslocada para verificar disparo de arma de fogo na localidade de casa nova, onde foi constatada uma tentativa de homicídio contra a senhora SUELI COSTA SILVA, 31 anos, Moradora da localidade Casa Nova. O suspeito da prática do ilícito conhecido como Neto morado da mesma localidade, apesar das rondas realizadas pela guarnição, não foi encontrado. &quot;;&quot;2016-01-24&quot;;&quot;21:15:00&quot;;&quot;Rua Bacaxá&quot;;&quot;CICOM&quot;;&quot;Prejudicada&quot;;&quot;Ausente&quot;;&quot;-12.11089409797249&quot;;&quot;-39.000001585980215&quot;;
&quot;128&quot;;&quot;33&quot;;&quot;PORTE ILEGAL ARMA DE FOGO&quot;;&quot;3&quot;;&quot;Campo Limpo&quot;;&quot;POR VOLTA DAS 06:07H A GUARNIÇÃO DA VIATURA BCS GA 91, SOB O CMD DO SD ASSIS, PROCEDEU ACOMPANHAMENTO A UMA MOTOCICLETA XRE 300 DE COR AZUL (PLOTADA DE PRETO), SENDO ALCANÇADA NA RUA MONSENHOR, ONDE O CONDUTOR EVADIU, PORÉM O CARONA FOI ABORDADO E ENCONTRADO EM POSSE DE UMA ARMA DE FOGO E A MOTOCICLETA POSSUI RESTRIÇÃO DE ROUBO (SIC: 13771).&quot;;&quot;2016-01-26&quot;;&quot;06:05:00&quot;;&quot;RUA MONSENHOR MOISES DO COUTO&quot;;&quot;Pm&quot;;&quot;Presente&quot;;&quot;asfaltica&quot;;&quot;-12.226316500283138&quot;;&quot;-38.96707956242682&quot;;
&quot;130&quot;;&quot;36&quot;;&quot;PORTE ILEGAL ARMA DE FOGO&quot;;&quot;3&quot;;&quot;Jardim Cruzeiro&quot;;&quot;POR VOLTA DE 8:40 EM RONDA A VIATURA LOBO 40 CMT SGT PM CÍCERO, EFETUOU ABORDAGEM EM UM INDIVÍDUO E O MESMO ESTAVA PORTANDO ARMA DE FOGO. 
&quot;;&quot;2016-01-27&quot;;&quot;08:20:00&quot;;&quot;RUA PORTO SEGURO&quot;;&quot;Pm&quot;;&quot;Presente&quot;;&quot;asfaltica&quot;;&quot;-12.2416174&quot;;&quot;-38.97969130000001&quot;;
&quot;131&quot;;&quot;35&quot;;&quot;PORTE ILEGAL ARMA DE FOGO&quot;;&quot;3&quot;;&quot;Baraúnas&quot;;&quot;Por volta das 20h30min, quando a guarnição realizava rondas no bairro Baraúnas mais precisamente na Rua General Costa e Silva, avistamos um indivíduo que ao perceber  a presença da viatura, em atitude suspeita, deslocou-se em direção a travessa 19 de maio, ao realizar a abordagem foi encontrado em posse do mesmo um revolver cal. 32 da marca RUBY N-597106 com um cartucho intacto, a quantia de R$ 25,00, um titulo de eleitor, um cartão do projovem e um cartão CPF. Sendo flagranteado    JAILSON DE JESUS SANTANA, 26 anos,residente na rua Infraero X1- George Américo, apresentado juntamente com todo material apreendido no Complexo do Sobradinho.
&quot;;&quot;2016-01-28&quot;;&quot;20:30:00&quot;;&quot;Travessa 19 de maio&quot;;&quot;Pm&quot;;&quot;Prejudicada&quot;;&quot;Prejudicada&quot;;&quot;-12.241065&quot;;&quot;-38.967190&quot;;
&quot;132&quot;;&quot;35&quot;;&quot;FURTO&quot;;&quot;0&quot;;&quot;Gabriela&quot;;&quot;Por volta das 19h30min, a Guarnição do GETO 65 conduziu e apresentou José Sizinio de Jesus, 28 anos, morador da Rua Av Brasil, N-120, Gabriela. Por motivo de furto ao Mercado Souza e José Raimundo de Jesus Rocha, 47 anos, morador do caminho do bosque, N 51, Conceição pela receptação da mercadoria furtada.
Oc: 01090.&quot;;&quot;2016-01-28&quot;;&quot;19:40:00&quot;;&quot;Rua Tomé de Souza&quot;;&quot;Pm&quot;;;;;;
&quot;133&quot;;&quot;20&quot;;&quot;PORTE ILEGAL ARMA DE FOGO&quot;;&quot;0&quot;;&quot;Campo Limpo&quot;;&quot;A GUARNIÇÃO EM RONDA PELA RUA AEROPORTO NO CAMPO LIMPO POR VOLTA DAS 00:00 HS FLAGROU 3 INDIVIDUOS FAZENDO DISPAROS DE ARMA DE FOGO EM VIA PUBLICA, SENDO OS MESMOS PERSEGUIDOS E DETIDOS.
Classificação:	Autor - Sem Lesões
Nome:	APARECIDO DA SILVA OLIVEIRA, 30 ANOS
Endereço:	RUA AEROPORTO, 3210
Bairro:	CAMPO LIMPO
Telefone:	
Município:	FEIRA DE SANTANA
Estado:	BAHIA
Observações:	ESTAVA PORTANDO UMA PISTOLA CAL. 40, MODELO-RUGER SR 40, Nº 34284091, COM 8 CARTUCHOS INTACTOS E 7 DEFLAGADOS.
.
Classificação:	Autor - Sem Lesões
Nome:	ROMÁRIO SILVA BEZERRA, 25 ANOS
Endereço:	RUA AEROPORTO, 2610
Bairro:	CAMPO LIMPO
Telefone:	
Município:	FEIRA DE SANTANA
Estado:	BAHIA
Observações:	ESTAVA COM UM REVOLVER CAL. 38 , TAURUS, COM NUMERAÇÃO RASPADA E COM 6 CARTUCHOS DEFLAGADOS.
.
Classificação:	Autor - Sem Lesões
Nome:	ADARLAN DA SILVA OLIVEIRA, 26 ANOS
Endereço:	TRAVESSA ASA BRANCA, 3030
Bairro:	ASA BRANCA
&quot;;&quot;2016-01-01&quot;;&quot;00:00:00&quot;;&quot;RUA AEROPORTO&quot;;&quot;Pm&quot;;&quot;Presente&quot;;&quot;asfaltica&quot;;&quot;-12.2171068&quot;;&quot;-38.97454670000002&quot;;
&quot;134&quot;;&quot;20&quot;;&quot;PORTE ILEGAL ARMA DE FOGO&quot;;&quot;0&quot;;&quot;Campo Limpo&quot;;&quot;A GUARNIÇÃO EM RONDA PELA RUA AEROPORTO NO CAMPO LIMPO POR VOLTA DAS 00:00 HS FLAGROU 3 INDIVIDUOS FAZENDO DISPAROS DE ARMA DE FOGO EM VIA PUBLICA, SENDO OS MESMOS PERSEGUIDOS E DETIDOS.
Classificação:	Autor - Sem Lesões
Nome:	APARECIDO DA SILVA OLIVEIRA, 30 ANOS
Endereço:	RUA AEROPORTO, 3210
Bairro:	CAMPO LIMPO
Telefone:	
Município:	FEIRA DE SANTANA
Estado:	BAHIA
Observações:	ESTAVA PORTANDO UMA PISTOLA CAL. 40, MODELO-RUGER SR 40, Nº 34284091, COM 8 CARTUCHOS INTACTOS E 7 DEFLAGADOS.
.
Classificação:	Autor - Sem Lesões
Nome:	ROMÁRIO SILVA BEZERRA, 25 ANOS
Endereço:	RUA AEROPORTO, 2610
Bairro:	CAMPO LIMPO
Telefone:	
Município:	FEIRA DE SANTANA
Estado:	BAHIA
Observações:	ESTAVA COM UM REVOLVER CAL. 38 , TAURUS, COM NUMERAÇÃO RASPADA E COM 6 CARTUCHOS DEFLAGADOS.
.
Classificação:	Autor - Sem Lesões
Nome:	ADARLAN DA SILVA OLIVEIRA, 26 ANOS
Endereço:	TRAVESSA ASA BRANCA, 3030
Bairro:	ASA BRANCA
&quot;;&quot;2016-01-01&quot;;&quot;00:00:00&quot;;&quot;RUA AEROPORTO&quot;;&quot;Pm&quot;;&quot;Presente&quot;;&quot;asfaltica&quot;;&quot;-12.2171068&quot;;&quot;-38.97454670000002&quot;;
&quot;160&quot;;&quot;0&quot;;&quot;PORTE ILEGAL DE ARMA DE FOGO&quot;;&quot;3&quot;;&quot;CAMPO LIMPO&quot;;&quot;REVÓLVER CALIBRE 32, MARCA INA, NUMERAÇÃO RASPADA&quot;;&quot;0000-00-00&quot;;&quot;00:00:21&quot;;&quot;RUA BERTULINA CARNEIRO&quot;;;;;&quot;-12.225217°&quot;;&quot;-38.973045°&quot;;&quot;BCS 9.6592&quot;
&quot;161&quot;;&quot;0&quot;;&quot;PORTE ILEGAL DE ARMA DE FOGO&quot;;&quot;3&quot;;&quot;CAMPO DO GADO NOVO&quot;;&quot;REVÓLVER CALIBRE 38, MARCA TAURUS, Nº 10002&quot;;&quot;0000-00-00&quot;;&quot;00:00:16&quot;;&quot;ESTRADA DO CAMPO DO GADO&quot;;;;;&quot;-12.225574°&quot;;&quot;-39.013217°&quot;;&quot;GETO 4 RODAS&quot;
&quot;162&quot;;&quot;0&quot;;&quot;PORTE ILEGAL DE ARMA DE FOGO&quot;;&quot;3&quot;;&quot;ASA BRANCA&quot;;&quot;REVÓLVER CALIBRE 32, MARCA TAURUS, Nº 59211&quot;;&quot;0000-00-00&quot;;&quot;00:00:20&quot;;&quot;RESIDENCIAL ASA BRANCA 2&quot;;;;;&quot;-12.198068°&quot;;&quot;-38.999124°&quot;;&quot;GETO 4 RODAS&quot;
&quot;163&quot;;&quot;0&quot;;&quot;PORTE ILEGAL DE ARMA DE FOGO&quot;;&quot;3&quot;;&quot;JARDIM CRUZEIRO&quot;;&quot;REVÓLVER CALIBRE 38, MARCA TAURUS, Nº 212912&quot;;&quot;0000-00-00&quot;;&quot;00:00:23&quot;;&quot;PROJETO QUINTA NA PRAÇA/ Estádio Jóia da Princesa&quot;;;;;&quot;-12.258659°&quot;;&quot;-38.979585°&quot;;&quot;PATRULHA&quot;
&quot;164&quot;;&quot;0&quot;;&quot;PORTE ILEGAL DE ARMA DE FOGO&quot;;&quot;3&quot;;&quot;GEORGE AMÉRICO&quot;;&quot;PISTOLA CALIBRE 380, MARCA TAURUS, Nº KPD 82427&quot;;&quot;0000-00-00&quot;;&quot;00:00:22&quot;;&quot;RUA ANTÔNIO DE CARVALHO&quot;;;;;&quot;-12.220886°&quot;;&quot;-38.971745°&quot;;&quot;BCS 9.6591&quot;
&quot;165&quot;;&quot;0&quot;;&quot;PORTE ILEGAL DE ARMA DE FOGO&quot;;&quot;3&quot;;&quot;NOVO HORIZONTE&quot;;&quot;REVÓLVER CALIBRE 32, MARCA TAURUS, Nº 519974&quot;;&quot;0000-00-00&quot;;&quot;00:00:19&quot;;&quot;BR 116 NORTE EM FRENTE AO NOVO HORIZONTE&quot;;;;;&quot;-12.188879°&quot;;&quot;-38.965302°&quot;;&quot;GETO 2 RODAS&quot;
&quot;166&quot;;&quot;0&quot;;&quot;PORTE ILEGAL DE ARMA DE FOGO&quot;;&quot;3&quot;;&quot;SOBRADINHO&quot;;&quot;REVÓLVER CALIBRE 32, SEM MARCA, Nº P 14439&quot;;&quot;0000-00-00&quot;;&quot;00:00:19&quot;;&quot;RUA PRIMAVERA&quot;;;;;&quot;-12.239338°&quot;;&quot;-38.973981°&quot;;&quot;9.6572&quot;
&quot;167&quot;;&quot;0&quot;;&quot;PORTE ILEGAL DE ARMA DE FOGO&quot;;&quot;3&quot;;&quot;PANORAMA&quot;;&quot;REVÓLVER CALIBRE 38, MARCA E NUMERAÇÃO RASPADA&quot;;&quot;0000-00-00&quot;;&quot;00:00:14&quot;;&quot;NÃO INFORMADA&quot;;;;;&quot;-12.318293°&quot;;&quot;-38.940713°&quot;;&quot;ANJOS DA GUARDA&quot;
&quot;168&quot;;&quot;0&quot;;&quot;PORTE ILEGAL DE ARMA DE FOGO&quot;;&quot;3&quot;;&quot;PEDRA DO DESCANSO&quot;;&quot;REVÓLVER CALIBRE 22, MARCA TAURUS, Nº 33411&quot;;&quot;0000-00-00&quot;;&quot;00:00:13&quot;;&quot;APREENSÃO OCORRIDA NO VILA OLÍMPIA&quot;;;;;&quot;-12.263819°&quot;;&quot;-38.978802°&quot;;&quot;SME&quot;
&quot;169&quot;;&quot;0&quot;;&quot;PORTE ILEGAL DE ARMA DE FOGO&quot;;&quot;3&quot;;&quot;RUA NOVA&quot;;&quot;REVÓLVER CALIBRE 38, MARCA TAURUS, Nº 224480&quot;;&quot;0000-00-00&quot;;&quot;00:00:20&quot;;&quot;RUA ITORORÓ&quot;;;;;&quot;-12.248835°&quot;;&quot;-38.978751°&quot;;&quot;BCS 9.6512&quot;
&quot;170&quot;;&quot;0&quot;;&quot;PORTE ILEGAL DE ARMA DE FOGO&quot;;&quot;3&quot;;&quot;SOBRADINHO&quot;;&quot;REVÓLVER CALIBRE 32, MARCA TAURUS, Nº 60033&quot;;&quot;0000-00-00&quot;;&quot;00:00:20&quot;;&quot;RUA PRIMAVERA&quot;;;;;&quot;-12.225131°&quot;;&quot;-38.981490°&quot;;&quot;9.6572&quot;
&quot;171&quot;;&quot;0&quot;;&quot;PORTE ILEGAL DE ARMA DE FOGO&quot;;&quot;3&quot;;&quot;GEORGE AMÉRICO&quot;;&quot;REVÓLVER CALIBRE 38, MARCA TAURUS, Nº 573248&quot;;&quot;0000-00-00&quot;;&quot;00:00:20&quot;;&quot;EM FRENTE A POLICLÍNICA &quot;;;;;;;&quot;BCS 9.6591&quot;
&quot;172&quot;;&quot;0&quot;;&quot;PORTE ILEGAL DE ARMA DE FOGO&quot;;&quot;3&quot;;&quot;GEORGE AMÉRICO&quot;;&quot;REVÓLVER CALIBRE 38, MARCA E NUMERAÇÃO RASPADA&quot;;&quot;0000-00-00&quot;;&quot;00:00:11&quot;;&quot;RUA C2&quot;;;;;;;&quot;BCS 9.6590&quot;
&quot;173&quot;;&quot;0&quot;;&quot;PORTE ILEGAL DE ARMA DE FOGO&quot;;&quot;3&quot;;&quot;GEORGE AMÉRICO&quot;;&quot;REVÓLVER CALIBRE 38, MARCA TAURUS E NUMERAÇÃO RASPADA&quot;;&quot;0000-00-00&quot;;&quot;00:00:01&quot;;&quot;RUA X 1&quot;;;;;;;&quot;BCS 9.6593&quot;
&quot;174&quot;;&quot;0&quot;;&quot;PORTE ILEGAL DE ARMA DE FOGO&quot;;&quot;3&quot;;&quot;GEORGE AMÉRICO&quot;;&quot;REVÓLVER CALIBRE 38, MARCA E NUMERAÇÃO RASPADA&quot;;&quot;0000-00-00&quot;;&quot;00:00:11&quot;;&quot;NÃO INFORMADA&quot;;;;;;;&quot;BCS 9.6591&quot;
&quot;175&quot;;&quot;0&quot;;&quot;PORTE ILEGAL DE ARMA DE FOGO&quot;;&quot;3&quot;;&quot;RUA NOVA&quot;;&quot;REVOLVER CALIBRE 38, MARCA ROSSI Nº D356285&quot;;&quot;0000-00-00&quot;;&quot;00:00:23&quot;;&quot;RUA 18 DO FORTE&quot;;;;;&quot;-12.251892°&quot;;&quot;-38.974710°&quot;;&quot;BCS 9.6511&quot;
&quot;176&quot;;&quot;0&quot;;&quot;PORTE ILEGAL DE ARMA DE FOGO&quot;;&quot;3&quot;;&quot;RUA NOVA&quot;;&quot;PISTOLA CALIBRE 380, MARCA BERSA, Nº 343937&quot;;&quot;0000-00-00&quot;;&quot;00:00:22&quot;;&quot;RUA ITORORÓ&quot;;;;;&quot;-12.247924°&quot;;&quot;-38.978722°&quot;;&quot;9.6540&quot;
&quot;177&quot;;&quot;0&quot;;&quot;PORTE ILEGAL DE ARMA DE FOGO&quot;;&quot;3&quot;;&quot;CAMPO LIMPO&quot;;&quot;REVOLVER CALIBRE 32, MARCA E NUMERAÇÃO RASPADA&quot;;&quot;0000-00-00&quot;;&quot;00:00:20&quot;;&quot;RUA MONSENHOR MOISES DO COUTO&quot;;;;;&quot;-12.221455°&quot;;&quot;-38.967766°&quot;;&quot;BCS 9.6590&quot;
&quot;178&quot;;&quot;0&quot;;&quot;PORTE ILEGAL DE ARMA DE FOGO&quot;;&quot;3&quot;;&quot;CAMPO LIMPO&quot;;&quot;REVOLVER CALIBRE 32 DE MARCA ROSSI E NUMERAÇÃO RASPADA&quot;;&quot;0000-00-00&quot;;&quot;00:00:21&quot;;&quot;RUA MONSENHOR MOISES DO COUTO&quot;;;;;&quot;-12.220545°&quot;;&quot;-38.967888°&quot;;&quot;BCS 9.6593&quot;
&quot;179&quot;;&quot;0&quot;;&quot;PORTE ILEGAL DE ARMA DE FOGO&quot;;&quot;3&quot;;&quot;SOBRADINHO&quot;;&quot;GARRUNCHA CALIBRE 32 SEM MARCA E NUMERAÇÃO&quot;;&quot;0000-00-00&quot;;&quot;00:00:21&quot;;&quot;RUA PRIMAVERA&quot;;;;;&quot;-12.225459°&quot;;&quot;-38.981123°&quot;;&quot;9.6540&quot;
&quot;180&quot;;&quot;0&quot;;&quot;PORTE ILEGAL DE ARMA DE FOGO&quot;;&quot;3&quot;;&quot;EXPANSÃO FEIRA IX&quot;;&quot;PISTOLA CALIBRE .40, MARCA TAURUS, Nº GB46940&quot;;&quot;0000-00-00&quot;;&quot;00:00:10&quot;;&quot;NO FUNDO DA ESTAÇÃO DE TRATAMENTO&quot;;;;;;;&quot;9.6540&quot;
&quot;181&quot;;&quot;0&quot;;&quot;PORTE ILEGAL DE ARMA DE FOGO&quot;;&quot;3&quot;;&quot;CAMPO LIMPO&quot;;&quot;REVÓLVER CALIBRE 38, MARCA TAURUS E NUMERAÇÃO RASPADA&quot;;&quot;0000-00-00&quot;;&quot;00:00:09&quot;;&quot;RUA CONHA&quot;;;;;&quot;-12.212747°&quot;;&quot;-38.968980°&quot;;&quot;9.6572&quot;
&quot;182&quot;;&quot;0&quot;;&quot;PORTE ILEGAL DE ARMA DE FOGO&quot;;&quot;3&quot;;&quot;CAMPO LIMPO&quot;;&quot;REVOLVER CALIBRE 38, MARCA ROSSI Nº DM 635322&quot;;&quot;0000-00-00&quot;;&quot;00:00:09&quot;;&quot;RUA CONHA&quot;;;;;&quot;-23.639381°&quot;;&quot;-46.776509°&quot;;&quot;9.6572&quot;
&quot;183&quot;;&quot;0&quot;;&quot;PORTE ILEGAL DE ARMA DE FOGO&quot;;&quot;3&quot;;&quot;GEORGE AMÉRICO&quot;;&quot;REVOLVER CALIBRE .32&quot;;&quot;0000-00-00&quot;;&quot;00:00:16&quot;;&quot;RUA S1 EM FRENTE AO MERCADO PACOTINHO&quot;;;;;&quot;-12.219595°&quot;;&quot;-38.974623°&quot;;&quot;BCS 9.6591&quot;
&quot;184&quot;;&quot;0&quot;;&quot;PORTE ILEGAL DE ARMA DE FOGO&quot;;&quot;3&quot;;&quot;FEIRA IX&quot;;&quot; REVOLVER TAURUS CAL. 32 Nº 196744 &quot;;&quot;0000-00-00&quot;;&quot;00:00:20&quot;;&quot;RUA TOMÉ DE SOUZA, PRÓXIMO AO LOTEAMENTO MORADA TR&quot;;;;;&quot;-12.249699°&quot;;&quot;-38.984807°&quot;;&quot;BCS 9.6510&quot;
&quot;185&quot;;&quot;0&quot;;&quot;PORTE ILEGAL DE ARMA DE FOGO&quot;;&quot;3&quot;;&quot;SÍTIO NOVO&quot;;&quot;ESPINGARDA CANO CURTO DE FABRICAÇÃO ARTESANAL&quot;;&quot;0000-00-00&quot;;&quot;00:00:11&quot;;&quot;RUA CRISTINÁPOLIS, SÍTIO NOVO&quot;;;;;&quot;-12.222302°&quot;;&quot;-38.983766°&quot;;&quot;9.6540&quot;
&quot;186&quot;;&quot;0&quot;;&quot;PORTE ILEGAL DE ARMA DE FOGO&quot;;&quot;3&quot;;&quot;CAMPO LIMPO&quot;;&quot;REVOLVER CALIBRE .22&quot;;&quot;0000-00-00&quot;;&quot;00:00:11&quot;;&quot;RUA GONÇALO DIAS&quot;;;;;;;&quot;9.6572&quot;
&quot;187&quot;;&quot;0&quot;;&quot;PORTE ILEGAL DE ARMA DE FOGO&quot;;&quot;3&quot;;&quot;EXPANSÃO FEIRA IX&quot;;&quot;PISTOLA CALIBRE 32, MARCA E NUMERAÇÃO RASPADOS&quot;;&quot;0000-00-00&quot;;&quot;00:00:11&quot;;&quot;RUA C, CAMINHO 2, Nº 59, EXPANSÃO DO CONJUNTO FEIR&quot;;;;;&quot;-12.254278°&quot;;&quot;-38.983299°&quot;;&quot;9.6540&quot;
&quot;188&quot;;&quot;0&quot;;&quot;PORTE ILEGAL DE ARMA DE FOGO&quot;;&quot;3&quot;;&quot;CAMPO LIMPO&quot;;&quot;REVÓLVER CALIBRE 38, MARCA TAURUS, Nº 1308182&quot;;&quot;0000-00-00&quot;;&quot;00:00:13&quot;;&quot;AV TRANSNORDESTINA, PRÓXIMO À PASSARELA CONCEIÇÃO &quot;;;;;&quot;-12.224186°&quot;;&quot;-38.966073°&quot;;&quot;9.6572&quot;
&quot;189&quot;;&quot;0&quot;;&quot;PORTE ILEGAL DE ARMA DE FOGO&quot;;&quot;3&quot;;&quot;JARDIM CRUZEIRO&quot;;&quot;ESPINGARDA DE FABRICAÇÃO ARTESANAL&quot;;&quot;0000-00-00&quot;;&quot;00:00:23&quot;;&quot;RUA JACOBINA, Nº 401 A, JARDIM CRUZEIRO&quot;;;;;&quot;-12.248012°&quot;;&quot;-38.978648°&quot;;&quot;9.6572&quot;
&quot;190&quot;;&quot;0&quot;;&quot;PORTE ILEGAL DE ARMA DE FOGO&quot;;&quot;3&quot;;&quot;CAMPO LIMPO&quot;;&quot;REVOLVER CALIBRE .22&quot;;&quot;0000-00-00&quot;;&quot;00:00:11&quot;;&quot;RUA PIRINOPOLIS&quot;;;;;&quot;-12.204402°&quot;;&quot;-38.972315°&quot;;&quot;GETO 4 RODAS&quot;
&quot;191&quot;;&quot;0&quot;;&quot;PORTE ILEGAL DE ARMA DE FOGO&quot;;&quot;3&quot;;&quot;CAMPO LIMPO&quot;;&quot;REVOLVER CALIBRE 38&quot;;&quot;0000-00-00&quot;;&quot;00:00:09&quot;;&quot;AVENIDA TRANSNORDESTINA&quot;;;;;;;&quot;BCS 9.6592&quot;
&quot;192&quot;;&quot;0&quot;;&quot;PORTE ILEGAL DE ARMA DE FOGO&quot;;&quot;3&quot;;&quot;CAMPO LIMPO&quot;;&quot;REVOLVER CALIBRE 38, Nº ie78301&quot;;&quot;0000-00-00&quot;;&quot;00:00:09&quot;;&quot;AVENIDA TRANSNORDESTINA&quot;;;;;;;&quot;BCS 9.6592&quot;
&quot;193&quot;;&quot;0&quot;;&quot;PORTE ILEGAL DE ARMA DE FOGO&quot;;&quot;3&quot;;&quot;TRÊS RIACHOS&quot;;&quot; REVOLVÉR CALIBRE 32 NUMERÇÃO INLEGIVÉL&quot;;&quot;0000-00-00&quot;;&quot;00:00:19&quot;;&quot;AVENIDA RIO DE JANEIRO PROXIMO AO TRÊS RIACHO&quot;;;;;;;&quot;GETO 02 RODAS&quot;
&quot;194&quot;;&quot;0&quot;;&quot;PORTE ILEGAL DE ARMA DE FOGO&quot;;&quot;3&quot;;&quot;CAMPO LIMPO&quot;;&quot;PISTOLA ARTESANAL CALIBRE 22 E 2 MUNIÇOES&quot;;&quot;0000-00-00&quot;;&quot;00:00:22&quot;;&quot;AV TRANSNORDESTINA, PRÓXIMO À PASSARELA CONCEIÇÃO &quot;;;;;;;&quot;BCS 9.6592&quot;
&quot;195&quot;;&quot;0&quot;;&quot;PORTE ILEGAL DE ARMA DE FOGO&quot;;&quot;3&quot;;&quot;SITIO NOVO&quot;;&quot;REVOLVER CALIBRE 32, SEM MARCA E NUMERAÇÃO &quot;;&quot;0000-00-00&quot;;&quot;00:00:23&quot;;&quot;TRAVESSA SANTO ANTONIO&quot;;;;;&quot;-12.218387°&quot;;&quot;-38.985850°&quot;;&quot;BCS 9.6592&quot;
&quot;196&quot;;&quot;0&quot;;&quot;PORTE ILEGAL DE ARMA DE FOGO&quot;;&quot;3&quot;;&quot;GEORGE AMÉRICO&quot;;&quot;REVOLVER CALIBRE 32, Nº 764245, MARCA TAURUS&quot;;&quot;0000-00-00&quot;;&quot;00:00:12&quot;;&quot;RUA AEROCLUBE, K1&quot;;;;;&quot;-12.222176°&quot;;&quot;-38.976744°&quot;;&quot;BCS 9.6593&quot;
&quot;197&quot;;&quot;0&quot;;&quot;PORTE ILEGAL DE ARMA DE FOGO&quot;;&quot;3&quot;;&quot;SOBRADINHO&quot;;&quot;REVÓLVER, CAL 32, Nº 78183, TAURUS&quot;;&quot;0000-00-00&quot;;&quot;00:00:19&quot;;&quot;PRÓXIMO AO CEMITÉRIO SÃO JORGE&quot;;;;;&quot;-12.233199°&quot;;&quot;-38.971308°&quot;;&quot;9.6539&quot;
&quot;198&quot;;&quot;0&quot;;&quot;PORTE ILEGAL DE ARMA DE FOGO&quot;;&quot;3&quot;;&quot;CAMPO LIMPO&quot;;&quot;PISTOLA CALIBRE 7,65, COM NUMERAÇÃO E MARCA RASPADOS&quot;;&quot;0000-00-00&quot;;&quot;00:00:11&quot;;&quot;RUA GONÇALVES DIAS, Nº 1262&quot;;;;;&quot;-12.229661°&quot;;&quot;-38.965709°&quot;;&quot;GETO 4 RODAS&quot;
&quot;199&quot;;&quot;0&quot;;&quot;PORTE ILEGAL DE ARMA DE FOGO&quot;;&quot;3&quot;;&quot;SITIO NOVO&quot;;&quot;REVOLVER CAL 32, COM A NUMERAÇÃO E MARCA ILEGIVEL.&quot;;&quot;0000-00-00&quot;;&quot;00:00:14&quot;;&quot;ESTRADA DO BESOURO&quot;;;;;&quot;-12.214118°&quot;;&quot;-38.986454°&quot;;&quot;9.6534&quot;
&quot;200&quot;;&quot;0&quot;;&quot;PORTE ILEGAL DE ARMA DE FOGO&quot;;&quot;3&quot;;&quot;CAMPO LIMPO&quot;;&quot;REVÓLVER CALIBRE 32, MARCA TAURUS, Nº 109100&quot;;&quot;0000-00-00&quot;;&quot;00:00:21&quot;;&quot;RUA ANTÔNIO DE CARVALHO&quot;;;;;&quot;-12.220887°&quot;;&quot;-38.971747°&quot;;&quot;GETO 4 RODAS&quot;
&quot;201&quot;;&quot;0&quot;;&quot;PORTE ILEGAL DE ARMA DE FOGO&quot;;&quot;3&quot;;&quot;BOMFIM DE FEIRA&quot;;&quot;REVÓLVER CALIBRE 22, MARCA ROSSI Nº 531527&quot;;&quot;0000-00-00&quot;;&quot;00:00:04&quot;;&quot;IMEDIAÇÕES DO DISTRITO DE BOMFIM DE FEIRA&quot;;;;;&quot;-12.269036°&quot;;&quot;-39.204280°&quot;;&quot;SME&quot;
&quot;202&quot;;&quot;0&quot;;&quot;PORTE ILEGAL DE ARMA DE FOGO&quot;;&quot;3&quot;;&quot;BOMFIM DE FEIRA&quot;;&quot;REVÓLVER CALIBRE 32 Nº 392449&quot;;&quot;0000-00-00&quot;;&quot;00:00:04&quot;;&quot;IMEDIAÇÕES DO DISTRITO DE BOMFIM DE FEIRA&quot;;;;;&quot;-12.269036°&quot;;&quot;-39.204280°&quot;;&quot;SME&quot;
&quot;203&quot;;&quot;0&quot;;&quot;Tipo&quot;;&quot;0&quot;;&quot;BAIRRO&quot;;&quot;Resumo&quot;;&quot;0000-00-00&quot;;&quot;00:00:00&quot;;&quot;Local&quot;;&quot;Iniciativa&quot;;&quot;iluminacao&quot;;&quot;Pavimentacao&quot;;&quot;LATITUDE&quot;;&quot;LONGITUDE&quot;;&quot;Gu_resp&quot;
&quot;204&quot;;&quot;0&quot;;&quot;Tipo&quot;;&quot;0&quot;;&quot;BAIRRO&quot;;&quot;Resumo&quot;;&quot;0000-00-00&quot;;&quot;00:00:00&quot;;&quot;Local&quot;;&quot;Iniciativa&quot;;&quot;iluminacao&quot;;&quot;Pavimentacao&quot;;&quot;LATITUDE&quot;;&quot;LONGITUDE&quot;;&quot;Gu_resp&quot;
&quot;205&quot;;&quot;0&quot;;&quot;Tipo&quot;;&quot;0&quot;;&quot;BAIRRO&quot;;&quot;Resumo&quot;;&quot;0000-00-00&quot;;&quot;00:00:00&quot;;&quot;Local&quot;;&quot;Iniciativa&quot;;&quot;iluminacao&quot;;&quot;Pavimentacao&quot;;&quot;LATITUDE&quot;;&quot;LONGITUDE&quot;;&quot;Gu_resp&quot;
&quot;300&quot;;&quot;0&quot;;&quot;PORTE ILEGAL DE ARMA DE FOGO&quot;;&quot;3&quot;;&quot;HOMERO FIGUEIREDO&quot;;&quot;REVOLVER CALIBRE 38 N° 1388704, MARCA TAURUS&quot;;&quot;0000-00-00&quot;;&quot;00:00:20&quot;;&quot;RUA SANTA EFIGENIA&quot;;;;;&quot;-12.234244°&quot;;&quot;-38.979979°&quot;;&quot;GETO 4 RODAS&quot;
&quot;301&quot;;&quot;0&quot;;&quot;PORTE ILEGAL DE ARMA DE FOGO&quot;;&quot;3&quot;;&quot;PEDRA FERRADA&quot;;&quot;REVOLVER CALIBRE 32 N° 8521, MARCA ILEGICON&quot;;&quot;0000-00-00&quot;;&quot;00:00:00&quot;;&quot;COND. ASA BRANCA, RUA I, BLOCO 25, AP 102&quot;;;;;&quot;-12.198616°&quot;;&quot;-38.996506°&quot;;&quot;GETO 4 RODAS&quot;
&quot;302&quot;;&quot;0&quot;;&quot;PORTE ILEGAL DE ARMA DE FOGO&quot;;&quot;3&quot;;&quot;FEIRA IX&quot;;&quot;REVOLVER CALIBRE 32 Nº 104431, MARCAS TAURUS&quot;;&quot;0000-00-00&quot;;&quot;00:00:20&quot;;&quot;RUA TOMÉ DE SOUZA, PRÓXIMO AO LOTEAMENTO MORADA TR&quot;;;;;&quot;-12.252968°&quot;;&quot;-38.980351°&quot;;&quot;9.6572&quot;
&quot;303&quot;;&quot;0&quot;;&quot;PORTE ILEGAL DE ARMA DE FOGO&quot;;&quot;3&quot;;&quot;SOBRADINHO&quot;;&quot;REVOLVER CALIBRE 32 COM MARCA E NUMERAÇÃO ILEGÍVEL&quot;;&quot;0000-00-00&quot;;&quot;00:00:15&quot;;&quot;RUA PRIMAVERA&quot;;;;;&quot;-12.225131°&quot;;&quot;-38.981490°&quot;;&quot;9.6534&quot;
&quot;304&quot;;&quot;0&quot;;&quot;PORTE ILEGAL DE ARMA DE FOGO&quot;;&quot;3&quot;;&quot;SOBRADINHO&quot;;&quot;PISTOLA CALIBRE 380, N° 333446&quot;;&quot;0000-00-00&quot;;&quot;00:00:21&quot;;&quot;RUA ARIVALDO DE CARVALHO&quot;;;;;&quot;-12.242587°&quot;;&quot;-38.970809°&quot;;&quot;GETO 4 RODAS&quot;
&quot;305&quot;;&quot;0&quot;;&quot;PORTE ILEGAL DE ARMA DE FOGO&quot;;&quot;3&quot;;&quot;SOBRADINHO&quot;;&quot;REVOLVER TAUROS CALIBRE 38 DE N° 1289648. &quot;;&quot;0000-00-00&quot;;&quot;00:00:21&quot;;&quot;RUA ARIVALDO DE CARVALHO&quot;;;;;&quot;-12.235355°&quot;;&quot;-38.975536°&quot;;&quot;GETO 4 RODAS&quot;
&quot;306&quot;;&quot;0&quot;;&quot;PORTE ILEGAL DE ARMA DE FOGO&quot;;&quot;3&quot;;&quot;EXPANSÃO FEIRA IX&quot;;&quot;REVOLVER TAURUS CALIBRE 357 E PISTOLA 380&quot;;&quot;0000-00-00&quot;;&quot;00:00:22&quot;;&quot;EXPANÇÃO FEIRA IX&quot;;;;;&quot;-12.254278°&quot;;&quot;-38.983299°&quot;;&quot;9.6540&quot;
&quot;307&quot;;&quot;0&quot;;&quot;PORTE ILEGAL DE ARMA DE FOGO&quot;;&quot;3&quot;;&quot;MORADA DAS ÁRVORES&quot;;&quot;REVOLVER CALIBRE 38 COM A NUMERAÇÃO RASPADA&quot;;&quot;0000-00-00&quot;;&quot;00:00:20&quot;;&quot;RUA BARTOLOMEU DE GUSMÃO&quot;;;;;&quot;-12.228907°&quot;;&quot;-38.973534°&quot;;&quot;BCS 9.6591&quot;
&quot;308&quot;;&quot;0&quot;;&quot;PORTE ILEGAL DE ARMA DE FOGO&quot;;&quot;3&quot;;&quot;GABRIELA&quot;;&quot;REVOLVER CALIBRE 38 MARCA TAURUS&quot;;&quot;0000-00-00&quot;;&quot;00:00:09&quot;;&quot;RUA MAJOR CARLOS&quot;;;;;&quot;-12.234408°&quot;;&quot;-38.992890°&quot;;&quot;GETO 4 RODAS&quot;
&quot;309&quot;;&quot;0&quot;;&quot;PORTE ILEGAL DE ARMA DE FOGO&quot;;&quot;3&quot;;&quot;GABRIELA&quot;;&quot;REVOLVER CALIBRE 32 SEM MARCA Nº 73738&quot;;&quot;0000-00-00&quot;;&quot;00:00:14&quot;;&quot;RUA AMARALINA&quot;;;;;&quot;-12.222607°&quot;;&quot;-38.985819°&quot;;&quot;BCS 9.6592&quot;
&quot;310&quot;;&quot;0&quot;;&quot;PORTE ILEGAL DE ARMA DE FOGO&quot;;&quot;3&quot;;&quot;GEORGE AMÉRICO&quot;;&quot;PISTOLA .40, MARCA TAURUS, Nº KL15151&quot;;&quot;0000-00-00&quot;;&quot;00:00:16&quot;;&quot;RUA E1, Nº 105, GEORGE AMÉRICO, OCORRÊNCIA 65005 D&quot;;;;;&quot;-12.221766°&quot;;&quot;-38.979378°&quot;;&quot;BCS 9.6593&quot;
&quot;311&quot;;&quot;0&quot;;&quot;PORTE ILEGAL DE ARMA DE FOGO&quot;;&quot;3&quot;;&quot;DIADEMA - SÍTIO NOVO&quot;;&quot;REVÓLVER CALIBRE 38, Nº 383242, NUMERAÇÃO RSPADA&quot;;&quot;0000-00-00&quot;;&quot;00:00:11&quot;;&quot;DIADEMA - RUA PORTO DOS PRAZERES&quot;;;;;&quot;-12.221078°&quot;;&quot;-38.982894°&quot;;&quot;9.6540&quot;
&quot;312&quot;;&quot;0&quot;;&quot;PORTE ILEGAL DE ARMA DE FOGO&quot;;&quot;3&quot;;&quot;CONJUNTO JOSE RONALD&quot;;&quot;REVOLVER CALIBRE 32, N° 26484&quot;;&quot;0000-00-00&quot;;&quot;00:00:20&quot;;&quot;NÃO INFORMADO&quot;;;;;&quot;-12.215918°&quot;;&quot;-38.970702°&quot;;&quot;BCS 9.6592&quot;
&quot;313&quot;;&quot;0&quot;;&quot;PORTE ILEGAL DE ARMA DE FOGO&quot;;&quot;3&quot;;&quot;LIBERDADE&quot;;&quot;REVOLVER CALIBRE 38&quot;;&quot;0000-00-00&quot;;&quot;00:00:20&quot;;&quot;RUA COMENDADOR GOMES, LIBERDADE&quot;;;;;&quot;-12.293923°&quot;;&quot;-38.950314°&quot;;&quot;GETO 4 RODAS&quot;
&quot;314&quot;;&quot;0&quot;;&quot;PORTE ILEGAL DE ARMA DE FOGO&quot;;&quot;3&quot;;&quot;BARAÚNAS&quot;;&quot;REVOLVER CALIBRE 32 MARCA TRADE MARK COM NUMERAÇÃO ILEGÍVEL&quot;;&quot;0000-00-00&quot;;&quot;00:00:13&quot;;&quot;RUA 27 DE MAIO&quot;;;;;&quot;-12.241111°&quot;;&quot;-38.967317°&quot;;&quot;9.6572&quot;
&quot;315&quot;;&quot;0&quot;;&quot;PORTE ILEGAL DE ARMA DE FOGO&quot;;&quot;3&quot;;&quot;SITIO NOVO&quot;;&quot;REVOLVER CALIBRE .38, Nº 109079, 5 CARTUCHOS&quot;;&quot;0000-00-00&quot;;&quot;00:00:11&quot;;&quot;NÃO INFORMADO&quot;;;;;&quot;-12.218869°&quot;;&quot;-38.983628°&quot;;&quot;BCS 9.6592&quot;
&quot;316&quot;;&quot;0&quot;;&quot;PORTE ILEGAL DE ARMA DE FOGO&quot;;&quot;3&quot;;&quot;GEORGE AMÉRICO&quot;;&quot;REVOLVER CALIBRE 38 MARCA TAURUS Nº NJ 127257&quot;;&quot;0000-00-00&quot;;&quot;00:00:09&quot;;&quot;NÃO INFORMADO&quot;;;;;&quot;-12.220093°&quot;;&quot;-38.973328°&quot;;&quot;GETO 4 RODAS&quot;
&quot;317&quot;;&quot;0&quot;;&quot;PORTE ILEGAL DE ARMA DE FOGO&quot;;&quot;3&quot;;&quot;GEORGE AMÉRICO&quot;;&quot;REVOLVER CALIBRE 38 MARCA TAURUS Nº 1483933&quot;;&quot;0000-00-00&quot;;&quot;00:00:09&quot;;&quot;NÃO INFORMADO&quot;;;;;&quot;-12.220093°&quot;;&quot;-38.973328°&quot;;&quot;GETO 4 RODAS&quot;
&quot;318&quot;;&quot;0&quot;;&quot;PORTE ILEGAL DE ARMA DE FOGO&quot;;&quot;3&quot;;&quot;ASA BRANCA&quot;;&quot;REVOLVER CALIBRE 38 MARCA TAURUS E NUMERAÇÃO ILEGÍVEL &quot;;&quot;0000-00-00&quot;;&quot;00:00:12&quot;;&quot;NÃO INFORMADO&quot;;;;;&quot;-12.207398°&quot;;&quot;-38.992373°&quot;;&quot;9.6540&quot;
&quot;319&quot;;&quot;0&quot;;&quot;PORTE ILEGAL DE ARMA DE FOGO&quot;;&quot;3&quot;;&quot;MORADA DAS ÁRVORES&quot;;&quot;REVOLVER CALIBRE 32 MARCA TAURUS COM NUMERAÇÃO 771932&quot;;&quot;0000-00-00&quot;;&quot;00:00:07&quot;;&quot;RUA B&quot;;;;;&quot;-12.229693°&quot;;&quot;-38.972533°&quot;;&quot;BCS 9.6591&quot;
&quot;320&quot;;&quot;0&quot;;&quot;PORTE ILEGAL DE ARMA DE FOGO&quot;;&quot;3&quot;;&quot;EXPANSÃO FEIRA IX&quot;;&quot;REVÓLVER CALIBRE 22, MARCA E NUMERAÇÃO RASPADAS&quot;;&quot;0000-00-00&quot;;&quot;00:00:09&quot;;;;;;&quot;-12.254278°&quot;;&quot;-38.983299°&quot;;&quot;GETO 2 RODAS&quot;
&quot;321&quot;;&quot;0&quot;;&quot;PORTE ILEGAL DE ARMA DE FOGO&quot;;&quot;3&quot;;&quot;CAMPO LIMPO&quot;;&quot;REVÓLVER CALIBRE 38, MARCA ROSSI, NUMERAÇÃO RASPADA&quot;;&quot;2015-11-04&quot;;&quot;18:00:18&quot;;&quot;RUA MONSENHOR MOISES DO COUTO, PRÓXIMO AO COM&quot;;;;;&quot;-12.218463&quot;;&quot;-38.968202&quot;;&quot;BCS 9.6593&quot;
&quot;322&quot;;&quot;0&quot;;&quot;PORTE ILEGAL DE ARMA DE FOGO&quot;;&quot;3&quot;;&quot;PEDRA FERRADA&quot;;&quot;REVÓLVER TAURUS, CALIBRE 32, Nº 568D&quot;;&quot;2015-11-05&quot;;&quot;15:00:15&quot;;&quot;ESTRADA DE JAGUARA&quot;;;;;&quot;-12.172710&quot;;&quot;-39.031318&quot;;&quot;GETO 4 RODAS&quot;
&quot;323&quot;;&quot;0&quot;;&quot;PORTE ILEGAL DE ARMA DE FOGO&quot;;&quot;3&quot;;&quot;CALUMBÍ&quot;;&quot;REVÓLVER CALIBRE 32, MARCA BOBMANM, Nº 02502J&quot;;&quot;2015-11-22&quot;;&quot;19:42:07&quot;;&quot;RUA TOMÉ DE SOUZA - CALUMBÍ&quot;;;;;&quot;-12.252019&quot;;&quot;-38.981861&quot;;&quot;GETO 4 RODAS&quot;
&quot;324&quot;;&quot;0&quot;;&quot;PORTE ILEGAL DE ARMA DE FOGO&quot;;&quot;3&quot;;&quot;NOVO HORIZONTE&quot;;&quot;REVÓLVER CALIBRE 38, Nº 70250, NUMERAÇÃO RASPADA&quot;;&quot;2015-11-20&quot;;&quot;09:00:00&quot;;&quot;RUA LAURO DE FREITAS, Nº 605 - NOVO HORIZONTE&quot;;;;;&quot;-12.189671&quot;;&quot;-38.973330&quot;;&quot;9.6572&quot;
&quot;325&quot;;&quot;0&quot;;&quot;PORTE ILEGAL DE ARMA DE FOGO&quot;;&quot;3&quot;;&quot;ASA BRANCA&quot;;&quot;REVÓLVER CALIBRE 22, MARCA CUSTER, COM NUMERAÇÃO RASPADA&quot;;&quot;2015-11-14&quot;;&quot;00:28:09&quot;;&quot;LOTEAMENTO LUMA TORRES - ASA BRANCA&quot;;;;;&quot;-12.200301&quot;;&quot;-38.988000&quot;;&quot;GETO 4 RODAS&quot;
&quot;326&quot;;&quot;0&quot;;&quot;PORTE ILEGAL DE ARMA DE FOGO&quot;;&quot;3&quot;;&quot;GEORGE AMÉRICO&quot;;&quot;REVÓLVER CALIBRE 38, COM NUMERAÇÃO E MARCA RASPADOS&quot;;&quot;2015-11-11&quot;;&quot;07:45:19&quot;;&quot;RUA S1, MIG - CONJUNTO GEORGE AMÉRICO&quot;;;;;&quot;-12.218950&quot;;&quot;-38.974595&quot;;&quot;BCS 9.6591&quot;
&quot;327&quot;;&quot;0&quot;;&quot;PORTE ILEGAL DE ARMA DE FOGO&quot;;&quot;3&quot;;&quot;BARAÚNAS&quot;;&quot;REVÓLVER CALIBRE 38, Nº 1073278 E MARCA RASPADA&quot;;&quot;2015-12-05&quot;;&quot;17:44:17&quot;;&quot;RUA OSCAR MESQUITA - BARAÚNAS&quot;;;;;&quot;-12.242078&quot;;&quot;-38.966888&quot;;&quot;9.6540&quot;
&quot;328&quot;;&quot;0&quot;;&quot;PORTE ILEGAL DE ARMA DE FOGO&quot;;&quot;3&quot;;&quot;CONJ. FEIRA IX&quot;;&quot;REVÓLVER CALIBRE 32, MARCA TAURUS, Nº 26330&quot;;&quot;2015-12-25&quot;;&quot;07:30:07&quot;;&quot;RUA A, CAMINHO 07, VIZINHO Nº 54 - CONJ. FEIRA IX&quot;;;;;&quot;-12.251434&quot;;&quot;-38.984191&quot;;&quot;9.6572&quot;
